name,image url
Orange juice,https://salimaskitchen.com/wp-content/uploads/2022/01/Fresh-Squeezed-Orange-Juice-Salimas-Kitchen-20.jpg
Tomato juice,https://www.simplyrecipes.com/thmb/z95Tx3jzQkPNc_i1MlDHmy2pI-Q=/1500x0/filters:no_upscale():max_bytes(150000):strip_icc()/__opt__aboutcom__coeus__resources__content_migration__simply_recipes__uploads__2008__08__homemade-tomato-juice-horiz-a-1200-c37b5128f0f248999446fc460f8afb96.jpg
Grape juice,https://www.simplyrecipes.com/thmb/lfzVGYwhjKcLfFDJSef9CgpBXJs=/1500x0/filters:no_upscale():max_bytes(150000):strip_icc()/Simply-Recipes-Homemade-Grape-Juice-LEAD-3-708f317f8fe94c91a039b5867e48662e.jpg
Banana juice,https://www.indianveggiedelight.com/wp-content/uploads/2022/08/banana-juice-featured.jpg
Pineapple juice,https://4.imimg.com/data4/NE/MW/MY-85258/pineapple-juice.jpg
Apple juice,https://vegboxfresh.co.uk/cdn/shop/products/AppleJuice_f42254d5-a00c-4e3e-b695-9d70bbf194d2_800x.jpg?v=1604669333
Mango juice,https://sainthonore.com.vn/media/product/2023/05//mango-frooti.jpg
Water,https://www.thespruceeats.com/thmb/4Uxr_CKC7aR-UhEicIvVqLaiO0k=/1500x0/filters:no_upscale():max_bytes(150000):strip_icc()/GettyImages-488636063-5ab2dbd8a8ff48049cfd36e8ad841ae5.jpg
Coffee,https://upload.wikimedia.org/wikipedia/commons/e/e4/Latte_and_dark_coffee.jpg
Decaf coffee,https://www.nescafe.com/ph/sites/default/files/2022-09/NESCAF%C3%89%20CLASSIC%20DECAF%20-%20160g.png
Tea,https://www.allrecipes.com/thmb/NFy4q5C38-ivZnk4nXGuiWgqUEc=/1500x0/filters:no_upscale():max_bytes(150000):strip_icc()/Why-Does-Tea-Make-You-Nauseated-4x3-11186feb90ad4a04a7516121d955947a.png
Green tea,https://product.hstatic.net/200000467213/product/l-intro-1642516069_95836a45219e4251a7284f0b94007f91.jpg
Peach tea,https://minimalistbaker.com/wp-content/uploads/2014/06/PERFECT-Peach-Iced-Tea.-So-easy-summery-and-perfect-for-sipping-by-the-pool.jpg
Sweet tea,https://www.allrecipes.com/thmb/REETjYFdVRmMtwVHPT66VmQVmmI=/1500x0/filters:no_upscale():max_bytes(150000):strip_icc()/109190-smooth-sweet-tea-DDMFS-4x3-9e849a386d414cb2b852099f02b6782d.jpg
Lemon tea,https://www.sharmispassions.com/wp-content/uploads/2011/04/LemonTea1.jpg
Black tea,https://www.sharmispassions.com/wp-content/uploads/2021/05/BlackTea4-500x375.jpg
Ginger tea,https://www.eatingwell.com/thmb/Xbf8vs7mGhshDsjtBuPpxxAicVs=/1500x0/filters:no_upscale():max_bytes(150000):strip_icc()/ginger-tea-87d96c8e2e9a43ea941b50aa3de62d5c.jpg
Raspberry tea,https://cdn-amz.woka.io/images/I/81XPEeRh+RL.jpg
Pomegranate tea,https://www.maangchi.com/wp-content/uploads/2015/01/pomegranate-tea1.jpg
Soda,https://cdn.tgdd.vn/Products/Images/2443/84440/bhx/soda-schweppes-lon-330ml-202303111634269963.jpg
Pepsi soda,https://i5.walmartimages.com/seo/Pepsi-Cola-Soda-Pop-2-Liter-Bottle_94c2ccdb-ea90-40c0-8cb7-19896e45562d.896229cf30bd9b19eaf07fdabd5f6631.jpeg
Sprite soda,https://cdn-amz.woka.io/images/I/71-29yqCPzL.jpg
Orange soda,https://www.tastingtable.com/img/gallery/15-popular-orange-sodas-ranked-worst-to-best/intro-1677622868.jpg
Soda coca cola,https://www.ubuy.vn/productimg/?image=aHR0cHM6Ly9pNS53YWxtYXJ0aW1hZ2VzLmNvbS9zZW8vY29jYS1jb2xhLXNvZGEtY29rZS0yMC1vdW5jZS0yNC1ib3R0bGVzXzNjZTBmYTFlLTNmZWQtNDkwYi1iZGFlLTRjZDBhYzU5OTNmNC4xNTY5NmZiZjMxM2UzNjQ1OTJlN2ZiOWI4NWZlMGEzNC5qcGVn.jpg
Diet soda,https://www.usatoday.com/gcdn/media/USATODAY/GenericImages/2013/07/10/1373481356000-GAN-DIET-SODA-STUDY-071013-1307101436_1_1.jpg
Lemonade,https://cdn.apartmenttherapy.info/image/upload/v1556729379/k/archive/bcbceed90d40c95acd29cf8295f6fda017ba9887.jpg
Limeade,https://www.spendwithpennies.com/wp-content/uploads/2021/05/Homemade-Limeade-SpendWithPennies-8-500x500.jpg
Jelly,"https://images.immediate.co.uk/production/volatile/sites/30/2020/08/fresh-raspberry-jelly-3bd57c3.jpg?quality=90&resize=500,454"
Soy milk,https://upload.wikimedia.org/wikipedia/commons/thumb/f/fc/004-soymilk.jpg/1200px-004-soymilk.jpg
Almond milk,https://media.bluediamond.com/uploads/2022/11/03101425/almond-breeze-almondmilk-shelf-stable-vanilla.png
Hazelnut milk,https://www.theblendergirl.com/wp-content/uploads/2018/07/Hazelnut_Milk.jpg
Coconut milk,https://cdn-amz.woka.io/images/I/81xtWnMMx3L.jpg
Espresso,https://cdn.tgdd.vn/Files/2023/07/11/1537842/espresso-la-gi-nguyen-tac-pha-espresso-dung-chuan-202307120718497350.jpg
Soy latte,https://www.keepingthepeas.com/wp-content/uploads/2022/03/soy-latte-2.jpg
Chai latte,https://i2.wp.com/www.downshiftology.com/wp-content/uploads/2022/02/Chai-Latte-5.jpg
Almond milk latte,https://www.keepingthepeas.com/wp-content/uploads/2021/04/almond-milk-latte-11-500x500.jpg
Hazelnut latte,https://www.wearetateandlylesugars.com/sites/wearetateandlylesugars_com/files/2022-11/CoffeeHotMilk_Hazelnut_F1-500x400px.png
Milk,https://cdn.britannica.com/77/200377-050-4326767F/milk-splashing-glass.jpg
Milkshake,https://www.allrecipes.com/thmb/Hf2QcoX0D-p-B_KM_lQBokeEm00=/1500x0/filters:no_upscale():max_bytes(150000):strip_icc()/4459682-vanilla-milkshake-House-of-Aqua-4x3-1-e3d610774d8f4dc1ac38ac0b1eddf971.jpg
Oreo milkshake,https://www.whiskaffair.com/wp-content/uploads/2020/07/Oreo-Milkshake-2-3.jpg
Vanilla milkshake,https://bakingmischief.com/wp-content/uploads/2020/03/vanilla-milkshake-photo.jpg
Chocolate milkshake,"https://images.immediate.co.uk/production/volatile/sites/30/2020/08/milkshake-b0d6105.jpg?resize=768,574"
Strawberry milkshake,https://images.eatthismuch.com/img/45369_erin_m_9c523a97-470b-461f-9758-d4fb3c6c9e7b.png
Chocolate milk,https://www.thespruceeats.com/thmb/7qHhYYQE91l6QZTeDc59HKXgIOQ=/1500x0/filters:no_upscale():max_bytes(150000):strip_icc()/chocolate-milk-recipe-2355494-hero-01-d44b4548f5904a758ed12d5caa0466fd.jpg
Vietnamese coffee,https://product.hstatic.net/200000221395/product/z2125630029300_cfc226d2c821fca4c9a2be05d91ca576_5179b0e0f49948b398d307b9f13e7cfb_master.jpg
Latte,https://www.acouplecooks.com/wp-content/uploads/2020/09/Latte-Art-067s.jpg
Mocha latte,https://www.spoonfulofflavor.com/wp-content/uploads/2021/11/mocha-latte-recipe.jpg
Nonfat latte,https://wearenotmartha.com/wp-content/uploads/taylor-swift-starbucks-drink-nonfat-caramel-latte-12-2.jpg
Milk tea,https://recipe52.com/wp-content/uploads/2022/11/ginger-milk-tea_1.jpg
Boba tea,https://bellyfull.net/wp-content/uploads/2022/04/Boba-Tea-blog-1.jpg
Condensed milk,https://www.simplyrecipes.com/thmb/vPtJoeHb-MTvjpt2UhQAj1BGUHo=/1500x0/filters:no_upscale():max_bytes(150000):strip_icc()/Simply-Recipe-Sweetened-Condensed-Milk-LEAD-06-5d49c1a582cc4743b0dfa99a7aa1688f.jpg
Hot chocolate,"https://assets.epicurious.com/photos/61eb09dfb37c8d2963dd7bde/1:1/w_2849,h_2849,c_limit/HotCocoaForOne_RECIPE_012022_086_VOG_final.jpg"
Smoothie,"https://hips.hearstapps.com/hmg-prod/images/delish-how-to-make-a-smoothie-horizontal-1542310071.png?crop=0.8893333333333334xw:1xh;center,top&resize=1200:*"
Banana smoothie,https://i2.wp.com/www.downshiftology.com/wp-content/uploads/2023/06/Banana-Smoothie-5.jpg
Strawberry smoothie,https://www.acouplecooks.com/wp-content/uploads/2020/04/Strawberry-Smoothie-003.jpg
Spinach smoothie,https://www.jessicagavin.com/wp-content/uploads/2020/07/spinach-smoothie-4-1200.jpg
Kiwi smoothie,https://www.acouplecooks.com/wp-content/uploads/2020/12/Kiwi-Smoothie-006.jpg
Tropical smoothie,https://bakerbynature.com/wp-content/uploads/2011/05/Tropical-Smoothie-123456-1-of-1.jpg
Pineapple smoothie,https://www.acouplecooks.com/wp-content/uploads/2020/06/Pineapple-Smoothie-007.jpg
Cappuccino,https://upload.wikimedia.org/wikipedia/commons/thumb/c/c8/Cappuccino_at_Sightglass_Coffee.jpg/1200px-Cappuccino_at_Sightglass_Coffee.jpg
Goi du du,https://www.cet.edu.vn/wp-content/uploads/2019/07/goi-du-du-chua-ngot.jpg
Salad,https://www.eatingwell.com/thmb/rmLlvSjdnJCCy_7iqqj3x7XS72c=/1500x0/filters:no_upscale():max_bytes(150000):strip_icc()/chopped-power-salad-with-chicken-0ad93f1931524a679c0f8854d74e6e57.jpg
Lecttuce salad,https://insimoneskitchen.com/wp-content/uploads/2014/06/Lettuce-and-cucumber-salad-07.jpg
Spinach salad,"https://hips.hearstapps.com/hmg-prod/images/spinachsaladhorizontal-jpg-1592245758.jpg?crop=0.636xw:0.952xh;0.0689xw,0.0481xh&resize=1200:*"
Beet salad,https://www.happyfoodstube.com/wp-content/uploads/2019/11/beet-salad-with-feta-image.jpg
Greek salad,https://i2.wp.com/www.downshiftology.com/wp-content/uploads/2018/08/Greek-Salad-6-1.jpg
Caesar salad,https://natashaskitchen.com/wp-content/uploads/2019/01/Caesar-Salad-Recipe-3.jpg
Caprese salad,https://natashaskitchen.com/wp-content/uploads/2019/08/Caprese-Salad-6.jpg
Edamame salad,https://reciperunner.com/wp-content/uploads/2019/09/Asian-Edamame-Salad-Photograph-scaled.jpg
Seaweed salad,https://www.siftandsimmer.com/wp-content/uploads/2021/07/seaweed-salad-wakame2.jpg
Pho,https://www.recipetineats.com/wp-content/uploads/2019/04/Beef-Pho_6.jpg
Pho ga,https://cdn.tgdd.vn/2021/09/CookProduct/1200(3)-1200x676-2.jpg
Pho nam,https://foodelivietnam.com/wp-content/uploads/2021/12/2.jpg
Banh mi,https://cdn.tgdd.vn/2021/05/CookRecipe/Avatar/banh-mi-thit-bo-nuong-thumbnail-1.jpg
Pork banh mi,https://chatelaine.com/wp-content/uploads/2022/08/grilled-pork-banh-mi-feature.jpg
Chicken banh mi,https://www.recipetineats.com/wp-content/uploads/2023/02/Chicken-banh-mi_5.jpg
Banh goi,https://cdn.tgdd.vn/2023/04/CookDish/cach-lam-banh-goi-nhan-thit-don-gian-ma-ngon-ngat-ngay-avt-1200x676.jpg
Banh can,https://cdn.tgdd.vn/Files/2020/06/24/1265158/cach-lam-banh-can-da-lat-chuan-vi-lam-mot-lan-la-an-ngay-202006240904228277.jpg
Banh giay,https://cdn.tgdd.vn/Files/2019/08/31/1193516/banh-giay-hay-banh-day-moi-la-dung-202201200859405454.jpg
Banh cuon,https://cdn.tgdd.vn/Files/2020/05/21/1257167/cach-lam-banh-cuon-bang-chao-chong-dinh-chi-10-phut-co-ngay-bua-sang-202208151607177009.jpg
Banh khot,https://img-global.cpcdn.com/recipes/b9efd1f8030db9cc/680x482cq70/banh-kh%E1%BB%8Dt-tom-th%E1%BB%8Bt-recipe-main-photo.jpg
Banh bot loc,https://cdn.tgdd.vn/Files/2015/12/05/752695/cach-lam-banh-bot-loc-ngon-6-760x367.jpg
Banh xeo,https://cdn.tgdd.vn/Files/2020/05/20/1256908/troi-mua-thu-lam-banh-xeo-kieu-mien-bac-gion-ngon-it-dau-mo-202005201034115966.jpg
Banh tieu,https://fullofplants.com/wp-content/uploads/2020/05/super-tender-hollow-sesame-brioche-vietnamese-inspired-vegan-banh-tieu-thumb.jpg
Banh trang,https://i-giadinh.vnecdn.net/2023/08/05/mon-7-1691221823-6409-1691221866.jpg
Banh trung thu,https://static.vinwonders.com/production/nguyen-lieu-lam-banh-trung-thu-1.jpg
Canh chua,https://i-giadinh.vnecdn.net/2023/04/25/Thanh-pham-1-1-7239-1682395675.jpg
Bun bo Hue,https://www.marionskitchen.com/wp-content/uploads/2021/09/Bun-Bo-Hue8635.jpg
Bun bo xao,https://www.cooking-therapy.com/wp-content/uploads/2020/04/Bun-Bo-Xao-7-scaled.jpg
Bun thit nuong,https://www.cooking-therapy.com/wp-content/uploads/2023/08/Bun-Thit-Nuong-14.jpg
Cha gio,https://cdn.tgdd.vn/Files/2017/03/28/965860/cach-lam-mon-cha-gio-thom-ngon--5_760x536.jpg
Goi cuon,https://cdn.tgdd.vn/Files/2017/03/22/963738/cach-lam-goi-cuon-tom-thit-thom-ngon-cho-bua-com-gian-don-202203021427281747.jpg
Thit kho nuoc dua,https://cdn.tgdd.vn/Files/2019/09/30/1203540/bi-quyet-lam-thit-kho-nuoc-dua-ngon-het-say-cua-me-mien-tay-202206061026329930.jpg
Bao,https://takestwoeggs.com/wp-content/uploads/2021/03/Ba?nh-Bao-Vietnamese-Steamed-Pork-Buns-takestwoeggs-sq.jpg
Fried rice,https://www.allrecipes.com/thmb/G96Vc_7F5Dm0csJJb2STC6tO97k=/1500x0/filters:no_upscale():max_bytes(150000):strip_icc()/79543-fried-rice-restaurant-style-mfs-49-79b33da67e2643e8b585972cd92c5821.jpg
Kimchi fried rice,https://takestwoeggs.com/wp-content/uploads/2022/03/Kimchi-Fried-Rice-Kimchi-bokkeumbap-takestwoeggs-final-photography-sq.jpg
Garlic fried rice,https://chefsavvy.com/wp-content/uploads/filipino-garlic-fried-rice.jpg
Roasted duck,"https://assets.epicurious.com/photos/5c93f15d7903444d883ded50/16:9/w_5648,h_3177,c_limit/Crisp-Roast-Duck-19032019.jpg"
Sushi,https://www.justonecookbook.com/wp-content/uploads/2020/01/Sushi-Rolls-Maki-Sushi-%E2%80%93-Hosomaki-1106-II.jpg
Tuna sushi,https://ocwildseafood.com/cdn/shop/articles/Ahi_Tuna_Sashimi_Seafood_Recipe_1024x.jpg?v=1591853624
Salmon sushi,https://aisforappleau.com/wp-content/uploads/2023/07/how-to-make-sushi-salmon-nigiri-6.jpg
Shrimp sushi,https://norecipes.com/wp-content/uploads/2022/02/shrimp-tempura-roll-004.jpg
Sushi california,https://upload.wikimedia.org/wikipedia/commons/9/9f/California_Sushi_%2826571101885%29.jpg
French fries,"https://images.immediate.co.uk/production/volatile/sites/30/2021/03/French-fries-b9e3e0c.jpg?quality=90&resize=556,505"
Sweet potato fries,https://www.wellplated.com/wp-content/uploads/2020/08/Baked-Sweet-Potato-Fries.jpg
Chicken burger,https://simply-delicious-food.com/wp-content/uploads/2022/06/Grilled-chicken-burgers2.jpg
Turkey burger,"https://hips.hearstapps.com/hmg-prod/images/turkey-burger-index-64873e8770b34.jpg?crop=0.6666666666666667xw:1xh;center,top&resize=1200:*"
Bacon burger,https://www.allrecipes.com/thmb/iSQnsbR_ZuWaHqCvbvlYJi7LE40=/1500x0/filters:no_upscale():max_bytes(150000):strip_icc()/8143485-c61692d93de7450ea828b50d155c107d.jpg
Hamburger,https://www.cookingclassy.com/wp-content/uploads/2023/08/hamburgers-20.jpg
Spaghetti,https://static01.nyt.com/images/2022/12/23/multimedia/afg-spaghetti-alla-assassina-1-19ef/afg-spaghetti-alla-assassina-1-19ef-superJumbo.jpg
Spaghetti carbonara,https://static01.nyt.com/images/2021/02/14/dining/carbonara-horizontal/carbonara-horizontal-threeByTwoMediumAt2X-v2.jpg
Spaghetti bolognese,https://recipetineats.com/wp-content/uploads/2018/07/Spaghetti-Bolognese.jpg
Sausage spaghetti,https://www.premiofoods.com/content/uploads/2017/06/691.jpg
Chicken curry,https://www.allrecipes.com/thmb/FL-xnyAllLyHcKdkjUZkotVlHR8=/1500x0/filters:no_upscale():max_bytes(150000):strip_icc()/46822-indian-chicken-curry-ii-DDMFS-4x3-39160aaa95674ee395b9d4609e3b0988.jpg
Fried chicken,https://twoplaidaprons.com/wp-content/uploads/2023/02/Korean-fried-chicken-wings-on-a-plate-thumbnail-shot.jpg
Fried chicken wing,"https://hips.hearstapps.com/vidthumb/images/delish-fried-chicken-wings-seo-1new-1540589238.jpg?crop=0.75xw:1xh;center,top&resize=1200:*"
Fried chicken breast,https://www.wellplated.com/wp-content/uploads/2021/08/Crispy-Air-Fryer-Chicken-Breast.jpg
Fried chicken tenders,https://www.allrecipes.com/thmb/YwJvX75IUx8uQ7PKz2eTDjCoLvY=/1500x0/filters:no_upscale():max_bytes(150000):strip_icc()/16669-fried-chicken-tenders-DDMFS-4x3-219f03b885be40139c8d93bef21d0a50.jpg
Fried chicken drumstick,https://www.thespruceeats.com/thmb/Ce9JRCp8CRy0TvjpOMG1_zzhrWE=/1500x0/filters:no_upscale():max_bytes(150000):strip_icc()/terris-crispy-fried-chicken-legs-3056879-hero-01-db3cd6bfead040e6ad07528a162db843.jpg
Nugget,https://upload.wikimedia.org/wikipedia/commons/thumb/6/64/Chicken_Nuggets.jpg/640px-Chicken_Nuggets.jpg
Fish nugget,https://i0.wp.com/spainonafork.wpengine.com/wp-content/uploads/2020/08/image2-38-22.png?resize=531%2C800&ssl=1
Bbq chicken wings,https://dinnerthendessert.com/wp-content/uploads/2019/11/BBQ-Chicken-Wings-4x3.jpg
Bbq boneless wings,https://lilluna.com/wp-content/uploads/2018/05/honey-bbq-wings-resize-5.jpg
Bbq buffalo wings,https://www.allrecipes.com/thmb/zuNFXhgmZkmR_PeMth68O_dBWmA=/1500x0/filters:no_upscale():max_bytes(150000):strip_icc()/8485791-a668c77f982d42ef8ca750ae59eb3e6f.jpg
Bbq honey wings,https://img.buzzfeed.com/thumbnailer-prod-us-east-1/4c41b09cf41644a7b7ca1780edbeb960/BFV8354_Honey_BBQ_Chicken_Wings-FB1080.jpg
Burrito,https://upload.wikimedia.org/wikipedia/commons/thumb/6/60/Burrito.JPG/800px-Burrito.JPG
Burrito beef,https://i.ytimg.com/vi/krkf7ObsTM4/maxresdefault.jpg
Steak burrito,https://handletheheat.com/wp-content/uploads/2014/01/Steak-Burrito-SQUARE.jpg
Chicken burrito,https://www.recipetineats.com/wp-content/uploads/2020/02/Chicken-Burritos_2.jpg
Donut,https://upload.wikimedia.org/wikipedia/commons/thumb/a/a5/Glazed-Donut.jpg/1200px-Glazed-Donut.jpg
Mapple donut,https://thecozyapron.com/wp-content/uploads/2019/10/maple-donuts_thecozyapron_1.jpg
Sandwich,https://www.southernliving.com/thmb/UW4kKKL-_M3WgP7pkL6Pb6lwcgM=/1500x0/filters:no_upscale():max_bytes(150000):strip_icc()/Ham_Sandwich_011-1-49227336bc074513aaf8fdbde440eafe.jpg
Ham sandwich,https://www.southernliving.com/thmb/UW4kKKL-_M3WgP7pkL6Pb6lwcgM=/1500x0/filters:no_upscale():max_bytes(150000):strip_icc()/Ham_Sandwich_011-1-49227336bc074513aaf8fdbde440eafe.jpg
Tuna sandwich,https://lindseyeatsla.com/wp-content/uploads/2023/02/Lindseyeats__Tuna_Sandwich_Recipe-5.jpg
Club sandwich,"https://hips.hearstapps.com/hmg-prod/images/delish-200511-seo-club-sandwich-h-14383-eb-1590780714.jpg?crop=0.671xw:1.00xh;0.123xw,0&resize=1200:*"
Bacon sandwich,https://stordflolretailpd.blob.core.windows.net/df-us/lolretail/media/lolr-media/recipe-media-files/recipes/retail/x17/2018_avocado-and-bacon-grilled-cheese_2644_760x580.jpg?ext=.jpg
Turkey sandwich,"https://cdn.apartmenttherapy.info/image/upload/f_jpg,q_auto:eco,c_fill,g_auto,w_1500,ar_1:1/k%2FPhoto%2FRecipes%2F2023-09-turkey-sandwich%2Fturkey-sandwich-814"
Salmon sandwich,https://thecookreport.co.uk/wp-content/uploads/2022/09/Salmon-Sandwich-Featured.jpg
Chicken sandwich,https://www.indianhealthyrecipes.com/wp-content/uploads/2023/09/mayo-chicken-sandwich-recipe.jpg
Lobster roll sandwich,https://www.eatingwell.com/thmb/ZrNy9pvrIiCo_PVC5G6EH-jlP28=/1500x0/filters:no_upscale():max_bytes(150000):strip_icc()/lobster-roll-ck-226594-4x3-1-b3aea3b5cd3e46b6820e2ca6a5c7b310.jpg
Peanut butter sandwich,https://www.allrecipes.com/thmb/y6DLdlPjzMsKztstkBc8eE2DBik=/1500x0/filters:no_upscale():max_bytes(150000):strip_icc()/9334336-4612d36a81f34f60a0191f7e470092b6.jpg
Sashimi,"https://images.immediate.co.uk/production/volatile/sites/30/2020/02/sashimi-c123df7.jpg?quality=90&resize=556,505"
Takoyaki,https://www.justonecookbook.com/wp-content/uploads/2013/10/Takoyaki-NEW-500x375.jpg
Tacos,https://i0.wp.com/www.onceuponachef.com/images/2023/08/Beef-Tacos.jpg?resize=760%2C570&ssl=1
Fish tacos,https://www.evolvingtable.com/wp-content/uploads/2023/05/baja-fish-tacos-42.jpg
Beef tacos,https://www.marthastewart.com/thmb/TqdvJ-yZ_VA9I86P7VXA1sOY6O0=/1500x0/filters:no_upscale():max_bytes(150000):strip_icc()/msledf_1003_beeftaco_horiz-892fe13aeba549d99495e27abc1d68f7.jpgitokb2Re7eO8
Chicken tacos,https://s23209.pcdn.co/wp-content/uploads/2019/08/Easy-Chicken-TacosIMG_9890.jpg
Breakfast tacos,https://www.wellplated.com/wp-content/uploads/2023/01/Best-Easy-Breakfast-Tacos.jpg
Boiled egg,https://www.recipetineats.com/wp-content/uploads/2023/03/How-long-to-boil-eggs-square.jpg
Soft boiled egg,https://www.onceuponachef.com/images/2017/10/soft-boiled-egg-pin-760x1140.jpg
Fried egg,https://upload.wikimedia.org/wikipedia/commons/f/f0/Fried_Egg_2.jpg
Deviled egg,https://static01.nyt.com/images/2021/10/15/dining/aw-classic-deviled-eggs/aw-classic-deviled-eggs-superJumbo.jpg
Omelette,https://www.onceuponachef.com/images/2021/12/Omelette-1200x1626.jpg
Stew,"https://hips.hearstapps.com/hmg-prod/images/beef-stew-index-652e94c53b39b.jpg?crop=0.8891301070405547xw:1xh;center,top&resize=1200:*"
Pork stew,https://www.eatingwell.com/thmb/AlkeghUYT9JVetwMi3vdYH9hn2s=/1500x0/filters:no_upscale():max_bytes(150000):strip_icc()/ClassicPorkStew_058-51b817dd012d40feb047ff4c321bbde6.jpg
Lamb stew,"https://hips.hearstapps.com/hmg-prod/images/190326-lamb-stew-325-1553801000.jpg?crop=0.668xw:1.00xh;0.167xw,0&resize=1200:*"
Seafood stew,https://s23209.pcdn.co/wp-content/uploads/2022/11/220223_DD_Easy-Cioppino_076.jpg
Chicken stew,https://assets-prd-weg.unataops.com/web/recipe_header/adbf36a5dddc4336a232946824eaaed9.jpg
Beef stew,"https://hips.hearstapps.com/hmg-prod/images/beef-stew-index-652e94c53b39b.jpg?crop=0.8891301070405547xw:1xh;center,top&resize=1200:*"
Grilled fish,https://thesecretsuppersociety.com/wp-content/uploads/2022/06/Greek-Style-Grilled-Fish-1.jpg
Grilled steak,https://hips.hearstapps.com/hmg-prod/images/how-to-grill-steak-1653399983.jpeg
Grilled salmon,https://www.acouplecooks.com/wp-content/uploads/2020/05/Grilled-Salmon-015-1.jpg
Grilled shrimp,https://www.acouplecooks.com/wp-content/uploads/2018/09/Grilled-Shrimp-006.jpg
Grilled octopus,https://www.allrecipes.com/thmb/J7hX8IQcYGf3vlvfZrz5r7pd29U=/1500x0/filters:no_upscale():max_bytes(150000):strip_icc()/6723522-af2855be1a38418ebd9fc516034ffecc.jpg
Watermelon,https://megagrico.com/wp-content/uploads/2020/12/watermelon.jpg
Banana,https://i5.walmartimages.com/seo/Fresh-Banana-Fruit-Each_5939a6fa-a0d6-431c-88c6-b4f21608e4be.f7cd0cc487761d74c69b7731493c1581.jpeg?odnHeight=768&odnWidth=768&odnBg=FFFFFF
Avocado,"https://images.immediate.co.uk/production/volatile/sites/30/2020/02/Avocados-3d84a3a.jpg?quality=90&resize=556,505"
Apple,https://5.imimg.com/data5/AK/RA/MY-68428614/apple.jpg
Orange,https://upload.wikimedia.org/wikipedia/commons/thumb/e/e3/Oranges_-_whole-halved-segment.jpg/640px-Oranges_-_whole-halved-segment.jpg
Mandarins orange,https://res.cloudinary.com/hksqkdlah/image/upload/SIL_Citrus_Mandarin-Orange_009_jjrvg8.png
Mango,https://vcdn1-english.vnecdn.net/2023/09/17/1-jpeg-6089-1694932077.jpg?w=680&h=0&q=100&dpr=2&fit=crop&s=sfUaaPdg-GMNj_obJ2XN6A
Jackfruit,https://i.ex-cdn.com/nongnghiep.vn/files/content/2023/08/11/mit-sau-rieng-can-3-nam-theo-doi-de-dang-ky-cay-giong-dau-dong-192742_769-192743-013320_522.jpg
Cabbage,"https://hips.hearstapps.com/hmg-prod/images/types-of-cabbages-green-cabbage-1645130375.jpg?crop=0.6672958942897593xw:1xh;center,top&resize=980:*"
Red cabbage,"https://images.immediate.co.uk/production/volatile/sites/30/2022/08/Red-cabbage-cross-section-5017ef7.jpg?resize=768,574"
Spinach,"https://images.immediate.co.uk/production/volatile/sites/30/2013/06/GettyImages-652986635-3dffa4d.jpg?quality=90&resize=556,505"
Strawberry,https://upload.wikimedia.org/wikipedia/commons/thumb/4/4c/Garden_strawberry_%28Fragaria_%C3%97_ananassa%29_single2.jpg/800px-Garden_strawberry_%28Fragaria_%C3%97_ananassa%29_single2.jpg
Tomato,https://upload.wikimedia.org/wikipedia/commons/thumb/8/89/Tomato_je.jpg/1200px-Tomato_je.jpg
Cucumber,https://www.plantgrower.org/uploads/6/5/5/4/65545169/published/cucumber-slices.jpg?1516496438
Carrot,https://blog-images-1.pharmeasy.in/blog/production/wp-content/uploads/2021/04/23175719/shutterstock_440493100-1.jpg
Cauliflower,https://debraklein.com/wp-content/uploads//2021/04/Raw-Cauliflower-Salad-1-1024x1024.jpg
Broccoli,https://domf5oio6qrcr.cloudfront.net/medialibrary/5390/h1218g16207258089583.jpg
Grape,https://www.westfaliafruit.com/wp-content/uploads/2019/01/Table-Grapes.jpg
Pear,https://www.fourwindsgrowers.com/cdn/shop/products/shutterstock_1693201075_1024x1024.png?v=1621966032
Peach,https://glycemic-index.net/images/FVRSYndNy8.webp
Pickle,https://upload.wikimedia.org/wikipedia/commons/b/bb/Pickle.jpg
Popcorn,https://www.popsci.com/uploads/2018/12/20/GSOZXQT4IFWCVO4O3L6JDYNV5U.jpg?auto=webp&width=1440&height=1211.625
Ramen,https://s23209.pcdn.co/wp-content/uploads/2014/10/220602_DD_Homemade-Ramen_572.jpg
Chicken ramen,https://www.brewinghappiness.com/wp-content/uploads/2018/10/featured-image-3.jpg
Tonkatsu ramen,https://glebekitchen.com/wp-content/uploads/2017/04/tonkotsuramenfront.jpg
Miso ramen,https://dishingouthealth.com/wp-content/uploads/2022/01/SpicyMisoRamen_Square.jpg
Miso soup,https://upload.wikimedia.org/wikipedia/commons/thumb/e/e8/Miso_Soup_001.jpg/1200px-Miso_Soup_001.jpg
Imitation crab,https://i0.wp.com/images-prod.healthline.com/hlcmsresource/images/AN_images/imitation-crab-1296x728-feature.jpg?w=1155&h=1528
Ham,https://upload.wikimedia.org/wikipedia/commons/a/a9/Ham_%284%29.jpg
Pad thai,https://www.recipetineats.com/wp-content/uploads/2020/01/Chicken-Pad-Thai_9-SQ.jpg
Pork chop,"https://hips.hearstapps.com/hmg-prod/images/delish-190618-air-fryer-pork-chops-195-landscape-pf-1561578417.png?crop=0.668xw:1.00xh;0.101xw,0&resize=1200:*"
Meatball,https://www.seriouseats.com/thmb/g04f365GF3HjenAqKDAzWevj_7I=/1500x0/filters:no_upscale():max_bytes(150000):strip_icc()/__opt__aboutcom__coeus__resources__content_migration__serious_eats__seriouseats.com__recipes__images__2011__08__20110817-166545-italian-meatballs-67ac0910f6d9438dad30f9cb6937dd76.jpg
Tofu,https://images.immediate.co.uk/production/volatile/sites/30/2013/07/tofu-6a6a4ef.jpg?resize=960%2C503
Fried tofu,https://thehiddenveggies.com/wp-content/uploads/2020/03/deep-fried-tofu-squ.jpg
Mapo tofu,https://www.cookwithmanali.com/wp-content/uploads/2021/03/Vegan-Mapo-Tofu.jpg
Pad thai,https://www.recipetineats.com/wp-content/uploads/2020/01/Chicken-Pad-Thai_9-SQ.jpg
Cooked rice,"https://hips.hearstapps.com/vidthumb/images/delish-u-rice-2-1529079587.jpg?crop=0.75xw:1xh;center,top&resize=1200:*"
Cooked brown rice,https://www.recipetineats.com/wp-content/uploads/2020/09/Perfectly-Cooked-Brown-Rice_7-SQ.jpg
Shrimp and grits,https://www.wellplated.com/wp-content/uploads/2023/08/Southern-Shrimp-and-Grits-Recipe.jpg
Gyoza,https://www.justonecookbook.com/wp-content/uploads/2020/04/Gyoza-3112-I.jpg
Grilled pork chop,https://i0.wp.com/kristineskitchenblog.com/wp-content/uploads/2020/07/grilled-pork-chops-14-2.jpg?fit=1200%2C1800&ssl=1
Fried pork chop,https://www.foxyfolksy.com/wp-content/uploads/2014/09/breaded-fried-pork-chops-640.jpg
Bbq pork chop,https://www.southernliving.com/thmb/Ia3nAcm1IxGA9bw7EWugawVEF1U=/1500x0/filters:no_upscale():max_bytes(150000):strip_icc()/SouthernLiving27203_CAROLINA_BBQ_PORK_CHOPS_174-09a3104f78904ed680b46524307615ad.jpg
Prime rib,https://downshiftology.com/wp-content/uploads/2023/10/Prime-Rib-4-2-500x375.jpg
Beef carpaccio,https://www.seriouseats.com/thmb/VgVaMsNZog6fWU79Ottu-iw3CLc=/1500x0/filters:no_upscale():max_bytes(150000):strip_icc()/SEA-italian-easy-beef-carpaccio-recipe-hero-01-e4153bc58c19429085be0e525888a37a.jpg
Salmon carpaccio,https://img.taste.com.au/b-ssALhV/taste/2016/11/salmon-carpaccio-with-wasabi-dressing-6491-1.jpeg
Beef tartare,https://jewishviennesefood.com/wp-content/uploads/2018/10/other-presentation-e1585957562276.jpg
Salmon tartare,https://media-cdn2.greatbritishchefs.com/media/hmojt5hm/img11436.jpg
Beignet,https://www.jocooks.com/wp-content/uploads/2019/06/beignets-1-23.jpg
Bibimbap,https://www.seriouseats.com/thmb/9gYczIvS4R7ZvK19ahBns0xOG_k=/1500x0/filters:no_upscale():max_bytes(150000):strip_icc()/20230113-Bibimbap-AmandaSuarez-hero-331e5e1ffa5b400fbb684e59b14d57c1.JPG
Beef bibimbap,https://thewoksoflife.com/wp-content/uploads/2017/05/bibimbap-recipe-13.jpg
Tofu bibimbap,https://www.wellplated.com/wp-content/uploads/2014/03/Quinoa-Bibimbap-11-500x375.jpg
Chicken bibimbap,https://img.buzzfeed.com/thumbnailer-prod-us-east-1/video-api/assets/199535.jpg?resize=1200:*
Ceviche,https://www.cookingclassy.com/wp-content/uploads/2020/09/ceviche-6.jpg
Mixto ceviche,https://www.tasteatlas.com/images/dishes/0f0ff6300b6e41c8bfe6266497601818.jpg
Ceviche octopus,https://www.platingsandpairings.com/wp-content/uploads/2020/07/octopus-ceviche-recipe-23-scaled.jpg
Shrimp ceviche,https://sweetandsavorymeals.com/wp-content/uploads/2020/04/shrimp-ceviche-recipe.jpg
Scallop ceviche,https://static01.nyt.com/images/2014/05/09/dining/Ceviche-Style-Scallops/Ceviche-Style-Scallops-mediumThreeByTwo440.jpg
Chicken quesadilla,https://www.wellplated.com/wp-content/uploads/2022/10/best-chicken-quesadilla.jpg
Churros,https://www.recipetineats.com/wp-content/uploads/2016/08/Churros_9-SQ.jpg
Clam chowder,"https://assets.epicurious.com/photos/6487316ef0a537ecfb046b4c/4:3/w_5142,h_3856,c_limit/ClamChowder_RECIPE_060523_54702.jpg"
Corn chowder,https://natashaskitchen.com/wp-content/uploads/2018/08/Corn-Chowder-Recipe-5.jpg
Crab chowder,https://www.simplyrecipes.com/thmb/Gfmp44usm9wMrdjyyLALIi09NWo=/1500x0/filters:no_upscale():max_bytes(150000):strip_icc()/Simply-Recipes-Corn-Crabmeat-Chowder-LEAD-5-ac3885c7ef2c4248972ee2a908f38887.jpg
Seafood chowder,https://www.spendwithpennies.com/wp-content/uploads/2017/12/Creamy-Shrimp-Chowder-23.jpg
Salmon chowder,https://www.saltandlavender.com/wp-content/uploads/2023/08/salmon-chowder-recipe-9.jpg
Crab cake,"https://hips.hearstapps.com/hmg-prod/images/crab-cakes-index-64e7cee7d4dda.jpg?crop=0.8891500963202403xw:1xh;center,top&resize=1200:*"
Croque madame,"https://hips.hearstapps.com/hmg-prod/images/190417-croque-monsieur-horizontal-476-1556565130.jpg?crop=1xw:0.8435280189423836xh;center,top&resize=1200:*"
Dumpling,https://myriadrecipes.com/wp-content/uploads/2023/09/What-To-Serve-With-Dumplings-2.jpg
Soup dumplings,https://www.firstforwomen.com/wp-content/uploads/sites/2/2024/06/Frozen-soup-dumplings_story-featured-image.jpg
Fried dumpling,https://khinskitchen.com/wp-content/uploads/2020/07/fried-gyoza-min.jpg
Chicken dumplings,"https://assets.epicurious.com/photos/6010782c5f32eb24385f0b59/1:1/w_2934,h_2934,c_limit/ChickenDumplings_RECIPE_012521_144_VOG_final.jpg"
Vegetable dumplings,https://www.recipetineats.com/wp-content/uploads/2022/09/Vegetable-Dumplings-1-on-plate.jpg
Shrimp dumpling,https://allwaysdelicious.com/wp-content/uploads/2021/01/har-gow-shrimp-dumplings-1a-684x1024.jpg
Edamame,https://upload.wikimedia.org/wikipedia/commons/e/e7/Edamame_by_Zesmerelda_in_Chicago.jpg
Egg benedict,https://natashaskitchen.com/wp-content/uploads/2022/04/Egg-Benedict-SQ.jpg
Escargot,https://legallyhealthyblonde.com/wp-content/uploads/2022/09/escargot-featured.jpg
Falafel,https://i2.wp.com/www.downshiftology.com/wp-content/uploads/2023/10/Falafel-main-1.jpg
Filet mignon,"https://hips.hearstapps.com/hmg-prod/images/delish-filet-mignon-horizontal-1541189043.jpeg?crop=0.8888888888888888xw:1xh;center,top&resize=1200:*"
Fish and chips,https://upload.wikimedia.org/wikipedia/commons/thumb/f/ff/Fish_and_chips_blackpool.jpg/800px-Fish_and_chips_blackpool.jpg
Potato chips,https://upload.wikimedia.org/wikipedia/commons/6/69/Potato-Chips.jpg
Sweet potato chips,https://i0.wp.com/www.aspicyperspective.com/wp-content/uploads/2016/03/baked-sweet-potato-chips-14.jpg?resize=600%2C860&ssl=1
Foie gras,https://upload.wikimedia.org/wikipedia/commons/8/82/Foie_gras_en_cocotte.jpg
Soup,https://www.allrecipes.com/thmb/pTGS0SZsSQK85sV_RQE_K6ZfoN4=/1500x0/filters:no_upscale():max_bytes(150000):strip_icc()/26460-quick-and-easy-chicken-noodle-soup-allrecipes-1x1-1-b88125437574471db3e114c40bc6928e.jpg
Bean soup,https://www.acouplecooks.com/wp-content/uploads/2022/01/Bean-Soup-006s.jpg
Onion soup,https://www.simplyrecipes.com/thmb/pO8Mz9BAGEmAOBylOojpwbx8OHo=/1500x0/filters:no_upscale():max_bytes(150000):strip_icc()/Simply-Recipes-French-Onion-Soup-LEAD-06-00d3b5bcdf4a4261b89e1be4aedf90f3.jpg
Potato soup,https://thealmondeater.com/wp-content/uploads/2021/08/Vegan-Potato-Soup-1-5.jpg
Tomato soup,https://cdn.loveandlemons.com/wp-content/uploads/2023/01/tomato-soup-recipe.jpg
Chicken soup,https://www.recipetineats.com/wp-content/uploads/2018/04/Chicken-and-Rice-Soup_8-1.jpg
Broccoli soup,https://myfoodstory.com/wp-content/uploads/2021/06/Healthy-Broccoli-Soup-4.jpg
Garlic bread,https://www.ambitiouskitchen.com/wp-content/uploads/2023/02/Garlic-Bread-4.jpg
Garlic breadstick,https://sweetlysplendid.com/wp-content/uploads/2021/03/parmesan-garlic-breadsticks-1.jpg
Gnocchi,"https://images.immediate.co.uk/production/volatile/sites/30/2017/03/Gnoochi-d7df2ce.png?quality=90&resize=556,505"
Hot dog,https://www.seriouseats.com/thmb/QJZXQHDXBfTiUSKstQ1uskJc31g=/1500x0/filters:no_upscale():max_bytes(150000):strip_icc()/SEA-best-grilled-hot-dogs-recipe-hero-02-9d245c0d43874a3da13a7228682b0dce.jpg
Macaron,https://cdn.tgdd.vn/Files/2021/08/06/1373493/cach-lam-banh-macaron-thom-ngon-nhieu-huong-vi-202201110129065345.jpg
Mussels,https://www.eatingwell.com/thmb/3GaGte2mKjt8j9SgPvtprRpYpXY=/1500x0/filters:no_upscale():max_bytes(150000):strip_icc()/7254997-a3db2ef768df48ccb4c88172349373ee.jpg
Paella,https://i.ytimg.com/vi/GuIhCmckdP4/maxresdefault.jpg
Veggie paella,https://veganhuggs.com/wp-content/uploads/2019/03/vegan-paella-2.jpg
Seafood paella,https://www.simplyrecipes.com/thmb/2GMHFcWEHZGOYbT4eoVCAu2uwsw=/1500x0/filters:no_upscale():max_bytes(150000):strip_icc()/__opt__aboutcom__coeus__resources__content_migration__simply_recipes__uploads__2018__07__Seafood-Paella-LEAD-VERTICAL-fc5f1e71baa8484cafa1a106ffaa9c23.jpg
Samosa,https://spicechronicles.com/wp-content/uploads/2021/02/Samosa_2_650.jpg
Chicken samosa,https://www.licious.in/blog/wp-content/uploads/2022/08/Shutterstock_1508653862-750x750.jpg
Vegetable samosa,"data:image/jpeg;base64,/9j/4AAQSkZJRgABAQAAAQABAAD/2wCEAAoHCBUVFBcVFRUYGBcaGx0dGhobGx0bIB0hHSEdHRsbGyEbICwkGx0pISAaJjYmKS4wMzMzIiI5PjkyPSwyMzABCwsLEA4QHhISHjApJCkyNTIzMjIyMjI7MjIyMjI0MjsyMDIyMjIyMjIyMjIyMjIyMjIyMjIyMjIyMjIyMjIyMv/AABEIARMAtwMBIgACEQEDEQH/xAAcAAACAwEBAQEAAAAAAAAAAAAFBgMEBwACAQj/xAA+EAABAgMGBAQFAwMDAgcAAAABAhEAAyEEBRIxQVEiYXGBBhORoTKxwdHwQmLhB1LxFHLCI5IVJDNDgqKy/8QAGgEAAgMBAQAAAAAAAAAAAAAABAUBAgMABv/EACsRAAICAQQBAwMEAwEAAAAAAAABAgMRBBIhMUEiMlETYZEjcYGhM7HxBf/aAAwDAQACEQMRAD8AUShUyYlAPxKA6bmNGsKWDHkG9oQ/DCgZ7qFEj3NPvDffNsTKs8yY7FKS3+48KfciNpMErjhGc33bRMtE2ZQgrU3R2T7ARQdwSTrECV0A2yi1JSCCeWv0jLITg+yga0JG7U01yo8QTLU5wgchHidaSeEaO2ubO3oI+yrKtITM50ikpJIvCDbJsDBmZQJJP0iUS3zYN+esRKm4iSzZUiwE0d4DnJhcIhrw1OKVlP6SCVcgM26sIYLIjzGcKxO5oWJq/KF26kKEtawMyEPs9SfaGG6+LChzmAT/AJ1ZoX3dsIzhIbLDgSk0orduGrb9W6x7tiEhDo4sRKOTKDB94ppZ+HDw5sx3NWzIdojnKZBXicYgAH1rA+/CxjovH1eTOLynCXNXLwjElShxCobJWzkMYWrwPE7MDlrTSGTxrZSi1LVUhYSoOKigDc6Ae0LU+ZowEeiqlugpfKFU47ZNFBUX7BlFFUXrvy7x1ntLV9jRdWkPFyfCOnyMI11iqYdroUyQevzhTZ2Mq/aPVgPD+bQsePVq8yUlNOF8QzcEt2GcM93nhH5tC741nJROs6lpCxhU6SWdinUZZiDNO8MDuXAu3pOIUZgCUBVCEmtAAol68Rcv12iC7pxQQqYnHLdlJCgN+RapfKKlpmlZIy1Az/yKx9siFKLFasJU9XYfuZ2dnLO5eDkC4C823qmHEordgAAAAGAAfL9Lx0S/+HhakIlJUGSAoAhRJA+KpAc6ijVzjosUwCLFdBElcxOZU3oB9zAu+LcFy5cmY7Y+JizhOlOZHpB27bWoWVSv3n5JjPL1vHzJ70AFKb6n5R1vTSKULlNhGfdKDxIoNjX3isq55uYCSOvvlE9jnEsHMM1llYwWYKaqdFbjkc+sKZaiyvjORmqoT5xgRVWWYhblBUOVYkXagaDEEvkqjGNHsF3S1JxYKEU5fWLH/giFDiCSDQuAdKPT3jN65SfqiaRox0zN02Rw4IyePGPSHid4QlknCtSP9uXoaQEvTwtOlh0tM9jFoamEnjP5LSrkuivYJ58paQ7hSVBu4PP0g7MmJPlrQSDpQA0ArTPaECaZiFhKgpNcj/EH7osUxahgWE/7q9uQibqkllvspCbk+uhzsFoWgM/CSCUmjgabtFuz2hBUpSzQVr8qCkA510WlNVLBQM8CXPZyXgZYr9lJ4ZiyoA1SxAUQ7EgVp2gJUSlyuTbKj3wWvGaUzJYmISQUFio/qBo/IQhTUw4W2/Za5cxAlkhQZKnZu2ztCnNEONJGUYYksAOplGUsxZSo9Q49It3fkesVZoizd+vWN7PaZ1+4abo0hyu1GJAApxA9goEj0cQnXOcodriNP/kYUWe4ZQ9o8WAUHQfSFn+oqU/+XxA1EwAhqH/ptmQ4789IZrt+EdvtC3/UyW8uznZah/8AUE/KC6O0CW+RKRKX5iQqnCKliAFDPWjF3zGdGg1YbuWAqYlkpQopcqcFQrgGpLEDnWKFhK1AqljCUkVxVd6JBBcihoNoI2m148RIZS1BSkoDIIwgJAGh9Rzg9IDkwssoX5aUiWZZxqCQpRAYsMYopJOY+UdE8+yWebZUzAVeYMIKRxcgCNmDjpHRYrkzq13iZVglnVRWBzLloRZDlb6u8Nl/IH+hkVrjP/OkKYVhLxEzquhgsBYiGe711f5QrWAUBg/YQQfSEmqXIyqfA62KWCkF6tUR7s03MGKllUQkKdzlHydOCTC+UsMLhHIUklA+I0OR/NoF3peSUprRiQ9KsIE22/EoxA9X23MIF93yqYogKOF4Ko08rfsiltka++y9e1uNoUGTwpNVNR/vlDH4WEsS1rUSVUYNTMb9zCjZJjoSgMw9ydfnDRcagk4AHxMM/tSCtSlGG1eDGttvI4JtGNPCkudh6UgDfHh5EwqYDzB8JoH3QsjPkTWHC7pgQlKQgvzPT1baJZ9kKyWFRir713EB1uUGpRfJZyzmMlwY5aJWFWEpYhwRsdYrzrMGLu9KNv8AaG/xjZlJSJiG2WDyyPUfmUI8y1THz9oe1WKyKaF9kNksFW0ywI+WDMx1qW8fLuNTEz9rJh7kNVzQ73D9YR7oh4uLXqIU2djKHtHe7Ph/NzAL+pIPkSVDScHzywqcUrB27svWBnj5L2ZFP/cS/dK4Lo7QJb5M9RLWgFYwlxiq9dmBFan56ZyWeXMxcJJJBc50GYAOurV0asX7LOqlCykfp4iWBIIxEpyId82prEVp8xSsEshYTiwlLVwu5S7E0c75coYgZPLCgAQqpFQCQxTwsoJ1ZjnqI+xUsl4lJx/qJLKTMKVNqDhIIctrVo6OwRkT/EC2lWeX+1avUsPrC2tMMN9jFMRsmWgeox/8oDT0REnydD2oIXLMyHaHCwIBSaDPPUNtCBYJ5QpxoYY5N7Jwlzxej84VaumTfAfRNY5G5NqAGF+LrAu9LwCAcRrCrarRMmzAqWSpRoQDRueghpu26ZcwIE1ClzCa8TJ5vv3gR6aNeJSf8BSuzlITrbOmTnwpUQ+eQ/mKM+wFA4jXaNdn3HLAZQwqFAEj0hQ8U3GEJxoJO7wbVqllRxhAtlecybyxZsJ4Tu4btnDTck8JWjFnvXOjCnJ4T7MatDNcKBMUiW7FSnfZtMsj9ItqY8Mml8o0yyLCkg5kGnQ5P0+8MAC6FDVAz3aANxyNxhApWo7QeRM54RmwzP2hdVwt0jayOXiIo+MrqKpaxqasHABoQ2ucZTaJeEMXB1Bp88o3q1ICgo5uKk1jOvGFgEyWJgHGhweYq79II0mrjGW3w2Z3UOUd3lGb2gR7uz4j0jrUI67fiPSG0/awKHuQ1XPnDvcmZ6p+sI90fFDxcp4j0HtCmfYyh0O93afm0ePEjiSghIURMlkBQcEvQK5F493f+fnaK/jJANimvQAoJ6BSX+sFUdoGt6Yg2i1pUUo8sIWhaipTgPiLpSQAwZiHj0pErAfMfEXITUZas231pAiXZ1KLhk5mpf8AboM/8xfUFzFFS8ISouwFKUZswMqvR4YAR1kDSwTRSaJxksx2GFianbM5x8gkhKpZCkolkgNxOUvSqADQtm/OOixQzu1krUf9xA6Cg9gIrTrOWFIISJJKqijem0V7UQAU4/8AMUkXiBHYwVs9gxAFWKp3AyzoztFe7W8wP1g95lKQJfY4vCCKo5WSzdikyiQkDFmFaAa94bLkUpa8RWFBIrQsnmAYUxZVGWZg3qGFMq/OC3h+1hLElQLnKoOmWucLbX5CorwN6p6GJKXoyctNKZBoG3zYguWokPiFTl7biLKLUlSACsBJFGGRfUGIrRNaXuGoNTsPzlGbkmuC6jgx68rMZcwtF26LUUrSsO42oYv31ZiVKJDVqIXZc0ypmTgHL7Q0rf1a8ecA7/Tnnwbrdi1GXKNAhPEvq3CH3fOLirWnEwzPt/MZZd3ixQThxsP3EAj7wQR4kQkklYcg8/VsoU3aa3hYD421vnJoSrcmr5QoXqrFiToon0gMvxVLb4nPoke7mIp9+S1AqK04j6DeKV6W1NNo76sPkULxl4VlOxiK7Tx9j9ImvW0BaypIOE5RXsB/6g7x6BZdfPeBVwp8fI1XV8UO9y/F2P0MI12Hih4ub408wflCuzsYw6Hm7/z3j54ollVkmgZsD/2qSfpH27tOgie+JeKRNGuHXkXEE0doEt8md2NChxoSysOYNXIOJQ0diaDcbRekWSUJQJxFRXhWyqgH4DhzqQHOVRvBFMpMsLxoJOAgfpYliFKZsVD6NHzy5RloUknGlNUlilSgHpUMRTsPVpgXts82+yJQAlScK8XA4PEkhypiNwRWtB2+wRt08zFA1PCGPCkjdnJYO/WPkSRkwpdtDEBwOu0E7NZkGViWCpSq5925FjCxI4lJTm5A/wAc40eZZTLkhSgHIy7UBbXWF2sscUkhhpa022zO5gXLW+RD+kTy7xORDQaTI8w/C57kmC90XAJtChISkuSqn0eKS1EMepcllS88Pgguy9pflsrYhv7nyePUm3sgpCRUk1L5/WLtp8KSlhkpKKl1BQz6ZGAVsue0SXHCpIqFOEqboc+0Cp12cJ4+zCNkodr8DNZrUnCA4BcZ6/xB2TLKwrAHSwIJ94zyyWkliSIbLrvxKAAwJZnyd86wNKrYy/a4L1oucTFswYDPTfOM+8Y3SZM4BqKBbmx09RGn2C2AS0NUuQRXllpCl/UFQMyVm2FTbfpxD5RtobW7lFGWpjit5EJNlJiVVkYVgpKWhP2iRF3zJqgEJoos/wDk1h1KUYLMmLYxcnhC8uSHpDNcPg+dNUlS0YUmoSqijzIag61hmuXwtKlglYClJI4lagjQZM7w82SzgYVAaUA06wtv1rfph+QyuhR5l+DMPGXh1UmVjKctqgDntCPY/jT+aR+jr1lpmIUlUt+FjuQ2xzj8+WyQJdqWlIKQmYoAHZy3tGukszFxznBFybkpB27TxiHa611QecJFhPEIdLu+EHYvAtnYXDofLrW4SeR+f8QQvBGKTNDs6FV2pnA67w35uHgnaQ8tQ/ar5GN6QW0Wv9OpnL1AIxahgz/tgahY2AI/NMtPQxPOtjAJC2OROYDu53fr7ZR4/wBSEoVJUtKhjfEE1XqC5AdJIGr15Q2QuZYs6Ao5YmFK0A1cBJq/1prHR4RLCnBGFKg+FL1YlqdKvy9eiSDEPD8vFPQPTkYc/ENowpQh3Fe2kLnglINoILfC7nTdoI3wt55VUoSoNpQM7Qq1Hqu/ZDSh7an92XrssuIJIIclgNevSGCz2IJRixOSSC4KctR/dAGzhainCMIGtRz/AIhosd3KUUqK3Kap2pUZ6ZFoX2RcvAQnGPkgmjDhDMM3rWJUWXzEkkMACNzXIs+QYDvBWfLloGKYQdQGOZzoTWrCLlmShKApISHNABuz/KMlDa+WbqzKykIV8eGQlCpgBQp8hVOYzGh6Qv2i0CQvBMAJYEGrMoOCN9vWHrxLbpctKsRYEkhhmCKDd8wIyi9LSqasrU+QAGwFAIY6WLt4fS8g2psVaTXbHy576RRONgpsgQBWvOPPjQomy5RlqBwE93A96CM5QtSTQtDZYJKRJE0LxkHjB/SKFKkjQZgnpEy0yolviykbvrRcWia67hJCVzCK5Jf1xbaGGSzIIW2DDhFC7hQcUTsR9Yp2K1JmIIrjA4edQW5MH9Y9omZH0NO/+ICusnOT3f8ADWNcYLCDtmmg0UKigO4entDHdSwQBkcqQo2ea2sFrFa2ILwJCe2WWTOOVwNq5dalnGYrGGf1GsYl29KgGxpSo6VBKX7gAxuVgW4dWRGcZT/WC7ymbInCqSSgnm+If8obaeS3przlf0CTTw0/GBdso4hDpdZ4YSJCwGMNl2WtIFVARnNPITE0S7TRPRMF1VSen0MLd0W1GBNasPnDDKtKCBWNq2YWLkSZNmTUlRUoh8PzLVr/ALj0yidV3JVLQshEvCcDEnEauSoVZhttpEE2ewGFLhQJBSasDQhiNvfePUq14q5qqz5B6a1y2huhYwlddkUquIYnKQknICpzIau3Pv0VkMUYhhHGQoEnFlnw6PSPsScYDZLUqUsLQWUPwiGhU8zZQWAygHzf87woQeuDEpJSOh7wFqIrbu+A7TSedvyFLPequFgwAZs+sHbJei1gjEU6fYQCnXeZZDihqDvBSx2Y6NUAv9IWXSi1lB1dTT5D1mwqBUpQDEUr/wB3Ppzi3ItYQhayQEkV/SK1IgDPvGVKABWCo6JIYbVNB7wr35fq5iQhNEF3A1yp0+faMKdLO2Xwvk0tujWvn7HzxJfBtCwE/AkMkDXdX07RVsFzzJ3wjuYKXHdcsIM20LRLFMAUWd9a5xDNvoSl4rMpRAJotAwnJsIAqM82MNFJxX06l15fQvai3utfL8I9zPA9oqEqSpYD4fhPvQHrAiUidZlEElJGaco1bw5fsm0Ym4ZmHiSRWjcQB6s4pFTxf4ZE6WZksKMwB9DiGw3MDx1U09l3T+xuqoNbq+GhFsF4BTkku9d4OybaCAl9BX6wiSgpBxAsdmz5GCdlvIZEdtuka36XPMSleoTWJdj5Zp5UQCBlp0zizIBBSl3csnn+ZQpWe8VvU5t7ZfODVktpUUl/hLjlCu2lx7CoLLyaVYZwEtIdlaDrk+0In9U7Qg2USytJmJWCwIdiS3tDRYVFaQokBts2z9Yxrx1OxW2eAeEKTTmEpB93grRJ2WJfHP8AoHvahF/ciuy1ukA1aGu5Vgtl6V/O0I11Z94fbhkjEeg9YK1CUZPBWhuSWR4umz4mLU0H1PXKCd6K8uUSHdXCkAEkkgsA1e+kSXRhKUkDRuhDfnpEl/0loISSyqhNTVKg8TRFOSyVubSeBRK1rSFDFiHxpVmlswWNBV3qCKuYtzLAsKU7EE51AzYKDtq+kfLHb1kkLQQ6lMGDgIISqmeoghKmL8vCCnAC/FXCTRQQTUgNpWohoLTrJJDqzxO+hd3q2enz2jotLR5YSvAlWNIY7NVmGag/IMT36OOPzaaQb8NzlBS0D9QBy222gKoQauSTOlrStLJdJzGKiqZA07tA1+HBphVDammjQrRNlrsrKDKQXxMafwa06Qkz73Us+XKRjA/Uxfs2nOGMXcJ6SJsxdWGBPCkgf3a5tqYuSbklyUHCFAkV4Qzb51hNXZXX3y/C8DayM5cLhf2Z3bSpJImBlDMbRZ8O3eZy6/CMycm1JOkUL3ChOWklziz32+kNHhuamWkgsQUgFJyPIjWGd9m2rK8/AuphusefBXvW0JtCiEEJQCEoJGeF0u4emfz2iRNxcBILs4Ycte4i5fN1eSRNTLx2VYHwcOBRUOE7EqbsW0gosS/JUnGcaw9AOEEMlIIGrQHZY4qO3pnSi9z3diguauSseWopUgviFB02UORoY1Lwtfv+ps4mLSMQoRpwkA9dD3jN7yu6cTLAkTFJdIfAsBVQGKtOrw+z0y7BZVKBUQlIwody6sKWBL0dugEV1OJwilzJvg10/pbb6M48Q2US7TOltlMX7kkexgf5QIcZiLJK5y1KYqUsknqa5wfuvwlMWAVApGba09oYythXFKT5BlXObzFcCwm0rQQDxD37bwz+HrWkmrMcn+UCLfd/lrWguSgkEs3P5RWRZ5iS6HBEUtojbD0+S1d0q5Ykada79l2eSqYVAkBkIGalZJFMhz2EY5a5pWtS1F1KJUo7klzBq8J0xUtKVsA70GZy9IBzs47Sab6MXntkai36kuOgldEqqSdS8aRcKEhqOTU1aM+sNAOgh1uOfWML23LITSklg0a7VDMU3H1HtBWfKExBTuKHnQg+rQAuqbl+bwwWddBHVyK2RFmVdYSFGYvNwtGEuHBKdKuOUQWaWSMZQUpb4S5wvQBRGRBID8oK2uelM8KIcA1Br8hWo7ZRFes9MyYlYCkozNWfUhuxhrF5QtksM+LmhgEnzEgkVoD0BIrkXzpHQLttpTMUpSSlCX+AkvsMKWqwFdo+xJBhNnTV9jDVclodaiSlJVpkDyG0LdkDh4u2NbTEK2ILb8oC1Ed8Wgyh7ZJmm3LJSrEpYYghISoBy+ubAc4ZUWVGFsaQGZSXBIcQt3NavMXVuLQsTSue1YbEyEAHCGpzY7wkSiu0NptvyZN/Um4hIWicggpWWJ55jrkYCWa0cIpGpeIrsRMlzMRCkIS7KFAWJo+XWMluxWJgVMwLPl0hjVYrKsY6BHH6dmc9miXbJ4EpouWtlYVAKQWINQQzggd2gpNuGyrCViYZSGBKAoZ1ep4ulYTrFalpk40zEhKXoaNu0CbR4jUxZWI+3U7wLCi1ye3lfctdODSyaFaL2s8hBeYSB8Ll+jPr2rCRbLymW6ZhKimUSKZktrygRd1kmWuYVLLDPl0FaCG2XZEyaAaCu4MXlGGn65l/SKQzP7L/AGMPh240JRhTL4asrLud4ZrusuEKSraA9xTlBOEED+R7w02JDsp6j4ufWBav1JJ9vzk1nJxWPBnfiG5x58xalABQSRvkAetRAUSg2F6eh5do0TxjZElIUw4aPWgOvDsfrCYuyOk9CPw56Q+08swS+OPwLLl6s/PIqXmA7Eak5uPakBLRZtR6Q0W9CCoIAFC3XL8rtAu0SwgjV6j+XjYzKthNBuIcrmOVHHuIW5CRiDBiecFLGuYFBOI1/tAoe+gEC2UOT4CIXKK5NKuqZRgOrmsHTaglBUaJSCT2GnOM9sVoVLBxTFmuuzigZukGUz5kmWTOViStJWhSg7VGEJY5/wAxaGma7ZWV6fR5sdo8weaU4ZixiJyIcu1cgMveJFrUtPmJXRTijFKnY8yT0bMwPlXhLVRAqcxqauS+RGu8SWYgLlKxIMsqOMvVizBDU4WAZtNzBmAVvJVtih8IbGC6iMTl8gxGgGfM1jomve3SkzFGQeF/jKSokcqAAO47R0SQY7YlUIglZkO1H/OUUbbYJtnXhmIKS9Cci2oOoglYjkfwwHemgymSY7+HZ6AUqZIIoGd+p3jQLDPxhwKc/lGY3esOCCEq50/iGmwz1U4qa8Qr0rHn7pOEsjVLfE7xvaUyrHMYupYUnnxcI+8ZDZ0slgKxovjJBmpRLBwpUrSrMCWELd5XP5IeWoTKVBAfnyJ9IY6KytQxJ4bYHqIT3ZQuLs61bnXD9Y+SrESoBW+UW5FsSACPi1B0/DEtmW5xfjwbOySyksIxhWny3kbbhsKZb4yAMNNAfvE6iC7ZPR+WUDbPawoF6luEczlF6UsFqHEckgGtWpvCSxSby+w6IYudagauw5vDtd04t1MJN1AKVhBqSAPrDbZ5mFmOW0ZUycZ5OsWVgsXjZ/MSQM1Aj7GMutK1gBBKkgLKV7032DxrCVgh9YRr7sjT65Lr0ep3zVuIc6Ofqa+eQHUR9KfwI1qlgryJc69W0yMfLZdqgKBwBUNUfcdNoaDZQCVAO5wg0AfenU0jxOQopKTUtVqUH6jux+cMcAeQDYLMVqTQP7fmUOEi6xhoASC5LP8AlDkN4FXNL8vLLQda11NdOsMtmKswznCWyDu5JZzz7GLJENg1ViYsQQE5Bm9APhALhuUDrZakJZS1kBWJIBDhIDpL+ug5w3TAiYAkuVKxBKsNAQHU5FAGbOBVusZwssyyurEhkAKpxBwoprUPVsxFiCtY7qT5bqmJUhKsQyGjYSXpVz6bR4tsgJSJYCUqJUwSRw54iWG7Vo8fLFdvkiapUwTZZAOCpSSahSlVBA1UNA5yiG7ZC1TVzFkqClFi6SHzBIZ1JdgBt2jkQwnYJQWU4llAYjGRibUAA71y+0dEs5wnDiwEFqh8v86x0cRksW2wy56CiYgLScwfmGqDzEZ9f3haZZXXLKlyXfJ1IH7twNx33hsuq9gtAIOYDwal2kGNbKo2LkErulW+DOLmt4QQSApOxJ+Qhuu22y5iVNRQckKUwIGQAAcl268oqXt4OQpfm2c4DmpDYkHcgBmPT0ikhKZJImJKSoFQUGCOgSztpm76Qh1mjlFZxkfaPVxn6c4L3iqzqQmT5ZxFRODIOSNXypiipdVnUQUrwqJNSag9DtAK1WpU6cSlZVLQMKdnOdOkNFxFNBsMtawDfH6daQfCW5sBeIvDeIKXLSAobAh/djCfZLT5ailbivoY3YyUKT8Iy2+cZt4+8O+XhmoQxJAU2SnyVTI5CCNFqt36dnT6YNdU16o9rwDbHakkhlCDF2Xk80MylAewrCYmxTUVw9s4JWK+gihRhO4gi3TppuPJ1dviXA6ybUSslICfbV6bQwXbbiQ50p9vrGfIvBK+LEH6gQes94oSAApm1fXeFdtMo8hMcSNBsdocQJ8WWUkJmpS+Cix+0s6ugIfuYHWG+gEkZk5N8yYIWe/cJ4jmKvr94tRe6pJspZRvTQvTluKBnOQ+X8xIgAl1ZscxvyEFp13SwrzJZGBRDpLOgnJOeW0QzJCUscs1OWDUNH3f5x6OuasjuT4EtkHCW1g1Cgg4tOXPUU0i7JtEwgFQejDIUH6m1/zAS2znmGoZI55l294si0gfCxzHKofLUVaNSgdk2zEQAQyXw0B1GVHFW9YrWx/MONJKTniD4nD001GsS3agIR5iwHz/ALUtrXntHW+XMWs8QwqKS2icL1FHwnhJDmrxxx8s1jxIMtgZeHjBoEpYgMAKioGnsAblgu0yZYSkPyxKIxVJCAqqaP6wORNJUUYklKmq4IA3AFQCWGeZgpZsSEji80tU0qXckgAVP+Ik4ozrFOE3HLKCQ5wq5hjoRrtHRds1oBmKlgHEkAkkNm7BxrQ7x0cRgyC5LyMtWEmkPtitJWl0mEO9LmXKOjdaxPct5LlukqYRrBuPDBLIqSzE0S7LacTFVIT/AOqKP+rIIzKVB+QI+5ikLwV5qSFFgcos/wBR5mIWVX7V/wDCIseYsnTpxmslO5iEpCCzVL/KG+4LQ4VQOA+VaQg2ArYEHFyMHbqvUIPGCknI6bEGPO6umUstHoNPbFcM1G75xIArTTrEfia7xMs69VBJI7VA9hCpI8SJl1O+YNYJXPfvnTSjESlszz0b2gCMZRXKYY1l5TKN12OXMlg03aj11iC1+FpUziZtGEep11LsM0JOJUkhkKO/9p5gevrByVeCcLJ1b8ERY5VT4bJwpR6FmR4BSVYSpSdah3+kVrT4SEo4SFpOQI4k9WPEOgjS7BbAUh6qy7CLoSFmtfeC4Wza4ln9wdxSfWDIJt0zEfrYaFnB+RHcRbsiSojHxNrUD51jSr0sIUAkICkmqn0IyenftFBfhNLAoUUn+01APQ/eCq3XLiceV5XRlZZYuYvgD2dCEJIw/FQjN3z/ADKIb0lGYkJSMKQKJHIED0pFS3FclZlqAx6F34f7g4/DFVF4LQWZ0sRXJju46+0M61FR9PQuscnLMuwVYkKKsOpzf684OWaSlDLWKA0Y6u2mfT5RQsyQtalpwhsLcPuz1NItTLQaYiG6Chp75xoUYTROCUl3Ygn4qgAe1AMq5c4ms9odIVRmZmKnqKuC+VPeAki0oUnElsOWRFQS9M89usXkKKgyVDEQwS9WDZas5DxJBOJJADsE42ca7FtR9ovSbWAGdyC9Bnpqc2y5mLCbMMAC6l3DUY5EpIFT/O8eJktJQ8pIVjAUCWCcw6qAsoCv2iSMEMhaysMCFNUJctQkpfVvzePkfRJWopGMsaYgeEUxYRkHyFdt46OOK1vu1C3p7QoX1dCUHEkM5b6iNCmCgH5tALxBZSuUsDNqNuIKayham4sQLDKeYG3i347XSzp2Cj/+Y93KgYhu4zip44Vxyxsk/T7RjL2sKrebECrEsOIJJmJwtqH9DAGQtosqnUhbOvLGUJYLM2fiKUgCmoz7w3+D14FhR0hJsIc4jDr4dJCgR7wHreIYDNM+cmtLlidKZYBSRVJ1hYtPhZaCTLW6f7FZjkDr39YM3RbkqAckAMK5doNEDZ4F2RthnPJrudcsCndclSQQoYSNDrF9E0pOsFrRYkr0qKjcdIpz5AQ+LJhh6vUF9Yy+jKH8eS31Uy5ZLU6eIVdtK8w0X0zAK7wu2G0YpgDsM+cXLwtHlqFXTn0zeCKtQ9uf4MZ1rdg922xSptZiUqA/uGXTaM7t8tBXMwVQDwk5kPSrszNpBu9L5M55aXCaYjuc98oB2iUGAGIkuOEKNWPxNkOphrpYSisy8+AG+UW8LwCpJIKsNUir9dx6U5RNMkqUgOCQCT3PLeJUpKEhgU0L5ZFm6Mx9YjTPdnrtBYOe7NZ3ThdwQT+bEwUuyyGWHwkKJAyBoXdRf1MV0TEpAP8Abt6+1Iu/6keWGq7sGzJOvJyY44PSZgACVgKYOcmpunlm70YRQnXlhBJQ6AHcZ1cfC27dK8oGTrRMYFIozKNWdsyTTekEbEhPkrUp8QYBQoFbJypUD0NNpOKirQAgOpRKQMJqXCi4dQNBh1JrQR0Sy0CWQghRUa1Y6aPyZzvHRxAQVFOezRYm0ius5wULGKFtu7ypmJPwrJI5HaFTxbOxWhn+FIHepPzEPV/29EpBWou2Q56Rlk+aVqKlGpLmMLWksIM0sW3uZwUAI+yyVEJ3LREEwRu6UMQLOxFIFk0kHpMv2eThOHYwz3NOwHLPKKku5iskg8bYilj1I7Rbu5AJDmsKNVJSQbRwOdgmlgHfbdoaLsnYkisJ9nSWD1gxd9sCQDmxYiF9VmyXIVYt0RnUoxFMZQKVAF4rSrXicgU0McuY1YMldF9GEYFCZYFSi8oYhUs4xP1UGI6wsXveEyYpUtYKMOacju53GtN4MeIb5MsBMtQxnPkOcLE2YSSpTklnJzqzdoM0VC92OPH/AAH1FnGE+fJ8CilOLow+pbaOXOLkgM9e5zPyzjjOAG9Q2R6GOmYSHGVMhrz9IaoAZ7QgscbhxTmKF+e8Cl2VaCya7fmhgmtBxCg4q8Nffsco92mRiAIZGj9qvzDe8SyEDpJLDEc9qmPaZpSpnKRyz7tpHlbgskk9NWiNKCVMavnz5RxLC1nUwJJJ3HI019usEJKklIIJxAgM2RzemlHYVrAu0zcAb4SwYANk1KbGLN1E0Uagh3oTtHM4LzrCClCgHVrqFFjqKimnIx0QzEYqBZDmgJow1yzy946OOPalRUtS8Ii0UwneN728tPlIPGoF2zSnfqcvWCZSwsi2EHJ4QqeKLzM2YQDwpNOZ3+0AEisTrFIgKYDk88jSEVFYRZlS3MF5MgpAUhw2o3gTZ1nvBiyWwgMUg+teRgS3ITBZGS6raDMQtYbD88okBSCSBUkkHvAaVaEK3Ty/nKL8tdBC62ITWhmstrGCuZ/Hiez2qvKkAkrwpc5Z9s3ijaPEiE/+mlSjueEff5QHHTTsfpRvKyMF6maSm2Jlod+HUk7ZvtC7fXilRGGUmhfiOw/t3POE+03jNnDiVw0IQHY8zUuepjlAjJwKDo+/2hvp/wDz1HmfP28ANuqb4j+S2udNxHEsCuT4ieZPpFpFqJ+NRIFeUBVrOcTotHCPT0hkChZU1JTQ115cvznHnHXZ8xk8U7PPABbPWJEzHc7/AJ947J2AjZbThLGgPekEFJEwDE7NptuB2pAJCyaNX8r/ABE/mrw4EqAALuS1Q1NxvE5KtFpUuuL9J7cst3EfJstNVAsAH3PbePdntag6ATMzppUuQGFaUgfb5cxJK2IqCKUA/GETkrgsWiY/FpXnWPd2TndJIBGh5chAUz1O9eb8omkIckhTCpzq23PSIyTgY5NtHwkhIAzOpLOwB5R0BFz2SCGJPxDpkB846IyThDLfNuTIlqmLNAPXYdSWjHrfa1TZipis1F+mwHICGLx3eS5s3y0uZaDX9ytT2y9YVky1n9J9I0sbbwY0RUY7n2yQIjwtMe/LUA5j4TGTCE89ESQxeDNhKSG1gXgJiezTMJYxhdDK4Nqp4fIeRJQkuKnu3KCFns+JIYOw9c4qXbKC0lyzfPTtnDFdNmW2FFRrSldQ9e8J7ptfuNqop8lG9J4l2cppjNG/bqeoy7wroS7c4J3xMTNmLAVwpOFJ6Eh+5rA+WlobaSr6daz2+WK9VZvm8dLguySEtsI9LnjIbvFJc0ikRoB3ghswSLip7vHOIr4o7EYgtgKSbTizADACg21684ltD0bb1bKB1nIAO8SzpylJQkknDQchX3zjsnYLCpzl49S1lRAisJVB7/eLMtJCYlMhovWOZgUcWlGzeLK/EHCUpAYGnqD/ABAWYCVc+raUeIwA4o1K1z5xOSMFm1T/ADCSQx0YNmavHnDVgRTX8EViWJNWiViQ4LDLP7/KOOJZgZgATSunf5x0XUSEGW9XDVozc82NRSOjiAfJQGdtvpHnyg2Wv2jo6DRX5IbXJThVQZQsGOjoHt8Bem6ZYlZRDOzjo6MWFBm7FnDnGmWaWE2RSk0JSagnaOjoRaj/ACIb1f4zMFx6RnHR0P0J2dO0j5Jyjo6KMuj5Mz7x9GUdHRBx0tZYViRW8dHRUlBdWvePB+E9ftHR0ciWRJQCk0/KRERQd/pH2Oi5QkVkfzaPUycQkilUgVAOoycU7R0dFkQz3M+Lsn5R0dHRUk//2Q=="
Huevos ranchero,https://www.billyparisi.com/wp-content/uploads/2022/04/huevos-rancheros-featured.jpg
Sticky rice,"https://hips.hearstapps.com/hmg-prod/images/sticky-rice-1-1631034727.jpg?crop=0.801xw:1.00xh;0.100xw,0&resize=1200:*"
Mango sticky rice,https://elavegan.com/wp-content/uploads/2020/07/drizzling-coconut-sauce-over-mango-sticky-rice.jpg
Xoi,https://cdn.tgdd.vn/Files/2021/09/06/1380707/cach-lam-xoi-lap-xuong-ngon-mem-sieu-nhanh-bang-lo-vi-song-202109062233093121.jpg
Char siu,https://healthynibblesandbits.com/wp-content/uploads/2020/10/Cha-Siu-FF2.jpg
Mochi,https://www.allrecipes.com/thmb/R5cy23AxrgxUAAFdMbPEq3gI7Q4=/1500x0/filters:no_upscale():max_bytes(150000):strip_icc()/193307-easy-mochi-DDMFS-4x3-d68e2c5a886b42ce9c91f83a6abd9298.jpg
Mango mochi,https://www.mango.org/wp-content/uploads/2022/12/Mango-Mochi-640x440-1.jpg
Strawberry mochi,https://www.bokksumarket.com/cdn/shop/products/BG10053_StrawberryDaifukuMochi-1.jpg?v=1656009062&width=1080
Daifuku mochi,https://upload.wikimedia.org/wikipedia/commons/thumb/a/a5/Daifuku_1.jpg/1200px-Daifuku_1.jpg
Yogurt,https://upload.wikimedia.org/wikipedia/commons/thumb/e/ea/Turkish_strained_yogurt.jpg/220px-Turkish_strained_yogurt.jpg
Greek yogurt,"https://assets.bonappetit.com/photos/63b5fe187015aa59a8e880ac/1:1/w_3226,h_3226,c_limit/010323-its-greek-yogurt-taste-test-01.jpg"
Nonfat yogurt,https://food.fnr.sndimg.com/content/dam/images/food/fullset/2013/4/25/0/FN_yogurt-thinkstock_s4x3.jpg.rend.hgtvcom.406.305.suffix/1371614457364.jpeg
Ice cream,https://upload.wikimedia.org/wikipedia/commons/thumb/2/2e/Ice_cream_with_whipped_cream%2C_chocolate_syrup%2C_and_a_wafer_%28cropped%29.jpg/1200px-Ice_cream_with_whipped_cream%2C_chocolate_syrup%2C_and_a_wafer_%28cropped%29.jpg
Ice cream sandwich,https://upload.wikimedia.org/wikipedia/commons/thumb/6/69/IceCreamSandwich.jpg/1200px-IceCreamSandwich.jpg
Ice cream chocolate,https://www.thespruceeats.com/thmb/T_Mru3-k0Zl9fqDaprCn2bjhek4=/1500x0/filters:no_upscale():max_bytes(150000):strip_icc()/easy-chocolate-ice-cream-recipe-1945798-hero-01-45d9f26a0aaf4c1dba38d7e0a2ab51e2.jpg
Vanilla ice cream,https://handletheheat.com/wp-content/uploads/2021/06/homemade-vanilla-ice-cream.jpg
Pudding,https://www.justonecookbook.com/wp-content/uploads/2022/11/Japanese-Custard-Pudding-1211-I-2-500x375.jpg
Bread pudding,https://www.onceuponachef.com/images/2022/11/bread-pudding.jpg
Banana bread pudding,https://glutenfreecuppatea.co.uk/wp-content/uploads/2020/02/gluten-free-banana-bread-pudding-recipe-featured.jpg
Pumpkin bread pudding,https://www.cookingclassy.com/wp-content/uploads/2017/10/pumpkin-bread-pudding-5.jpg
Nutella bread pudding,https://www.anightowlblog.com/wp-content/uploads/2016/02/Nutella-Bread-Pudding-FEATURE2.jpg
Bread pudding chocolate,https://www.thespruceeats.com/thmb/V1woROPLdzk_CWaR-fb_qxOqWMU=/1500x0/filters:no_upscale():max_bytes(150000):strip_icc()/IMG_1730fsq-5b71a24346e0fb004ff68396.jpg
Banana pudding,https://www.allrecipes.com/thmb/_qOkqpTBO85JOIjNNqehF0V_JuY=/1500x0/filters:no_upscale():max_bytes(150000):strip_icc()/22749-the-best-banana-pudding-mfs-367-3c684cb51f6d4cc08b3a7aa4e926083c.jpg
Crepe,https://www.jocooks.com/wp-content/uploads/2018/12/crepes-1-8.jpg
Chocolate crepe,https://emmaduckworthbakes.com/wp-content/uploads/2023/02/Chocolate-Crepes-with-strawberries.jpg
Fruit crepe,https://sulaandspice.com/wp-content/uploads/2021/12/Crepenew1-square.jpg
Cheesecake,https://www.onceuponachef.com/images/2017/12/cheesecake-1200x1393.jpg
Cheesecake pudding,https://static01.nyt.com/images/2019/02/25/dining/em-cheesecake-pudding/em-cheesecake-pudding-articleLarge.jpg
Chocolate cheesecake,https://prettysimplesweet.com/wp-content/uploads/2019/09/Godiva-Cheesecake-Recipe.jpg
Strawberry cheesecake,https://natashaskitchen.com/wp-content/uploads/2023/06/Strawberry-Cheesecake-3.jpg
Blueberry cheescake,https://www.allrecipes.com/thmb/YgcuZwmbrQ1zLBgHMdYWlIalYGE=/1500x0/filters:no_upscale():max_bytes(150000):strip_icc()/7934-Blueberry-Cheesecake-ddmfs-107-4x3-1-b923ba1512404beaa1766396d6ce07c6.jpg
Cake,https://handletheheat.com/wp-content/uploads/2015/03/Best-Birthday-Cake-with-milk-chocolate-buttercream-SQUARE.jpg
Coffee cake,"https://assets.epicurious.com/photos/646fd1ec46df4526c7e6b42d/16:9/w_4097,h_2305,c_limit/coffee-cake_RECIPE_052423_16411_VOG_final.jpg"
Chocolate cake,https://scientificallysweet.com/wp-content/uploads/2020/09/IMG_4087-feature-2.jpg
Red velvet cake,https://handletheheat.com/wp-content/uploads/2013/04/red-velvet-cake-recipe-SQUARE.jpg
Carrot cake,https://food.fnr.sndimg.com/content/dam/images/food/fullset/2007/2/16/0/ry0401_carrotcake.jpg.rend.hgtvcom.1280.1280.suffix/1552488933139.jpeg
Cookie,https://upload.wikimedia.org/wikipedia/commons/thumb/f/f1/2ChocolateChipCookies.jpg/1200px-2ChocolateChipCookies.jpg
Oreo cookie,https://upload.wikimedia.org/wikipedia/commons/thumb/1/1b/Oreo-Two-Cookies.png/1200px-Oreo-Two-Cookies.png
Chocolate chip cookie,https://handletheheat.com/wp-content/uploads/2020/10/BAKERY-STYLE-CHOCOLATE-CHIP-COOKIES-9-637x637-1.jpg
Chocolate cookies,https://cloudykitchen.com/wp-content/uploads/2022/12/chocolate-cookies-on-pan.jpg
Biscuit,"https://hips.hearstapps.com/hmg-prod/images/homemade-biscuits-index-64beb17fc6d7c.jpg?crop=0.8890909550150287xw:1xh;center,top&resize=1200:*"
Egg biscuit,https://www.foodnetwork.com/content/dam/images/food/fullset/2017/7/24/0/FNK_Sheet-Pan-Biscuit-Eggs-In-A-Hole-H1-2_s4x3.jpg
Chocolate biscuit,"https://images.immediate.co.uk/production/volatile/sites/30/2020/08/easy_choc_biscuits-59ca9be.jpg?quality=90&resize=440,400"
Butter biscuit,https://upload.wikimedia.org/wikipedia/commons/e/e5/2019-11-29_14_52_43_The_interior_of_a_tin_of_McKenzie_%26_Lloyds_Danish_Style_Butter_Cookies_in_the_Dulles_section_of_Sterling%2C_Loudoun_County%2C_Virginia.jpg
Waffle,https://bydash.com/cdn/shop/articles/20230327191314-Rise_2520Waffle_Chocolate_2520Waffles.jpg?v=1679944418
Pancake,https://www.allrecipes.com/thmb/WqWggh6NwG-r8PoeA3OfW908FUY=/1500x0/filters:no_upscale():max_bytes(150000):strip_icc()/21014-Good-old-Fashioned-Pancakes-mfs_001-1fa26bcdedc345f182537d95b6cf92d8.jpg
Pizza,https://product.hstatic.net/1000389344/product/pizza__5_2023_web_1c0b9dd2e0ee4e3aac785c3c55ee86dd_master.jpg
Pepperoni pizza,https://www.simplyrecipes.com/thmb/pjYMLcsKHkr8D8tYixmaFNxppPw=/1500x0/filters:no_upscale():max_bytes(150000):strip_icc()/__opt__aboutcom__coeus__resources__content_migration__simply_recipes__uploads__2019__09__easy-pepperoni-pizza-lead-3-8f256746d649404baa36a44d271329bc.jpg
Cheese pizza,https://www.recipetineats.com/wp-content/uploads/2023/05/Garlic-cheese-pizza_9.jpg?w=500&h=500&crop=1
Chocolate donut,https://www.sugarsaltmagic.com/wp-content/uploads/2021/11/Frosted-Chocolate-Sprinkle-Donuts-3FEAT.jpg
Sour cream donut,https://handletheheat.com/wp-content/uploads/2021/10/square-sour-cream-donut.png
Frosted donut,https://bakerbynature.com/wp-content/uploads/2015/01/IMG_3847-2.jpg
Grilled cheese,https://cdn.loveandlemons.com/wp-content/uploads/2023/01/grilled-cheese.jpg
Butter popcorn,https://www.recipetineats.com/wp-content/uploads/2018/08/Movie-Popcorn_0.jpg
Custard pie,https://www.smalltownwoman.com/wp-content/uploads/2018/07/Custard-Pie-DSC_5033-III.jpg
Custard,https://www.spendwithpennies.com/wp-content/uploads/2022/04/Vanilla-Custard-SpendWithPennies-10.jpg
Flan,https://www.onceuponachef.com/images/2019/04/flan.jpg
Chocolate,https://upload.wikimedia.org/wikipedia/commons/7/70/Chocolate_%28blue_background%29.jpg
Brownie,https://cakesbymk.com/wp-content/uploads/2023/01/Template-Size-for-Blog-Photos-15.jpg
Cupcake,https://natashaskitchen.com/wp-content/uploads/2020/05/Vanilla-Cupcakes-3.jpg
Mini cupcake,https://www.barleyandsage.com/wp-content/uploads/2023/02/mini-cupcakes-1200x1200-1-500x500.jpg
Matcha cupcake,https://takestwoeggs.com/wp-content/uploads/2022/04/Matcha-Cupcakes-Takestwoeggs-final-photography-sq.jpg
Pretzel,https://handletheheat.com/wp-content/uploads/2021/09/soft-pretzel-recipe-SQUARE.jpg
Croissant,https://static01.nyt.com/images/2021/04/07/dining/06croissantsrex1/merlin_184841898_ccc8fb62-ee41-44e8-9ddf-b95b198b88db-videoSixteenByNineJumbo1600.jpg
Egg croissant,"https://images.immediate.co.uk/production/volatile/sites/30/2020/08/croissants-2895249.jpg?resize=768,574"
Chocolate croissant,https://www.homemadeinterest.com/wp-content/uploads/2021/10/Easy-Chocolate-Croissant_IG-4.jpg
French toast,https://www.simplyrecipes.com/thmb/b48moNCTtaUYEc1Qyxhe9V66XKc=/1500x0/filters:no_upscale():max_bytes(150000):strip_icc()/Simply-Recipes-French-Toast-Lead-Shot-3b-c3a68a576a9548f5bd43cce3d2d7f4b7.jpg
Apple pie,https://www.inspiredtaste.net/wp-content/uploads/2022/11/Apple-Pie-Recipe-Video.jpg
Pumpkin pie,https://www.allrecipes.com/thmb/cBgOqHtdnS0XfCZDoWMHSFp_o8A=/1500x0/filters:no_upscale():max_bytes(150000):strip_icc()/ar-holiday-classics-23439-perfect-pumpkin-pie-ddmfs-4x3-BG-3900-05fd12327c204e41840d0016cbf281d1.jpg
Sweet potato pie,https://www.allrecipes.com/thmb/Y5wp5m1GIALYygAX-v0mBfOCKkU=/1500x0/filters:no_upscale():max_bytes(150000):strip_icc()/12142-sweet-potato-pie-1-mfs233-2x1-1-516a9933a1da4d2e9554597754ac5617.jpg
Baklava,https://www.allrecipes.com/thmb/LC_td-hRsYLeMiOF6Y4Z9Ocv19E=/1500x0/filters:no_upscale():max_bytes(150000):strip_icc()/9454-greek-baklava-s-tuttle-71eff77a5e3e4ceb94c1d48bafec55f1.jpeg
Cannoli,https://www.cookingclassy.com/wp-content/uploads/2020/02/cannoli-20.jpg
Mousse,https://www.onceuponachef.com/images/2019/04/Chocolate-Mousse.jpg
Mango mousse,https://www.sugarsaltmagic.com/wp-content/uploads/2022/11/Mango-Mousse-8FEAT.jpg
Lemon mousse,https://food.fnr.sndimg.com/content/dam/images/food/fullset/2014/2/27/0/BX0115H_Fresh-Lemon-Mousse_s4x3.jpg.rend.hgtvcom.616.462.suffix/1393777059236.jpeg
Pumpkin mousse,"https://cdn.apartmenttherapy.info/image/upload/f_jpg,q_auto:eco,c_fill,g_auto,w_1500,ar_1:1/2023-09-pumpkin-cheesecake-mousse%2Fpumpkin-cheesecake-mousse-1068"
Strawberry mousse,https://chocolatecoveredkatie.com/wp-content/uploads/2023/06/Strawberry-Mousse-Recipe-jpg.webp
Peanut butter mousse,https://www.allrecipes.com/thmb/WMFOzESEFhzvdoa74je-LTXRF2I=/1500x0/filters:no_upscale():max_bytes(150000):strip_icc()/4453566-87b196742fb54c378006dd4e790afdc9.jpg
Passion fruit mousse,https://simplelivingrecipes.com/wp-content/uploads/2020/05/mousse-de-maracuja-colherada-vertical-1.jpg
Chocolate mousse,https://www.onceuponachef.com/images/2019/04/Chocolate-Mousse.jpg
Creme brulee,https://www.onceuponachef.com/images/2023/02/Creme-brulee-1-1200x814.jpg
Lasagna,https://cdn.tgdd.vn/Files/2021/08/18/1376134/lasagne-la-gi-cach-lam-mon-lasagne-chuan-y-202108181927294271.jpg
Beef lasagna,https://www.recipetineats.com/wp-content/uploads/2017/05/Lasagne-recipe-3-main-square.jpg
Veggie lasagna,https://thedessertedgirl.com/wp-content/uploads/2020/04/VeggieLasagna5.jpg
Cheese lasagna,https://www.inspiredtaste.net/wp-content/uploads/2022/06/Cheese-Lasagna-Recipe-5-1200-1200x800.jpg
Turkey lasagna,"https://cdn.apartmenttherapy.info/image/upload/f_jpg,q_auto:eco,c_fill,g_auto,w_1500,ar_1:1/k%2FPhoto%2FRecipes%2F2021-03-turkey-lasagna%2F2021-03-23_ATK_47149"
Macaroni and cheese,https://www.allrecipes.com/thmb/CanMXBeN-9DZyRSzDxLAoy0w-t8=/1500x0/filters:no_upscale():max_bytes(150000):strip_icc()/238691-Simple-Macaroni-And-Cheese-mfs_006-f7f521c65f894aef85e17bc9125c2c4a.jpg
Lobster bisque,https://www.tastingtable.com/img/gallery/rich-and-creamy-lobster-bisque-recipe/l-intro-1688145019.jpg
Tomato bisque,https://pinchandswirl.com/wp-content/uploads/2018/09/Creamy-Tomato-Bisque-square.jpg
Crab bisque,https://www.wildforsalmon.com/cdn/shop/articles/Snow_Crab_Bisque_blog_photo.jpg?v=1651087243
Nachos,https://staticcookist.akamaized.net/wp-content/uploads/sites/22/2018/04/nachos.jpg
Nachos cheese,https://www.seriouseats.com/thmb/YBUAG17xy1nWYGPmFcJKeoODTzk=/1500x0/filters:no_upscale():max_bytes(150000):strip_icc()/cheese-sauce-for-cheese-fries-and-nachos-hero-01-e6ccf966688c43ec8025cf9a19678423.jpg
Fajita nachos,https://www.completelydelicious.com/wp-content/uploads/2020/08/steak-fajita-nachos-11.jpg
Pork nachos,https://img.buzzfeed.com/video-api-prod/assets/6981da88d0e84ac9af63f65f67712e89/FB_2.jpg?resize=1200:*
Steak nachos,https://food.fnr.sndimg.com/content/dam/images/food/plus/fullset/2020/10/22/0/FNKLive_Jet-Tila-Steak-Nachos.jpg.rend.hgtvcom.1280.1280.suffix/1604098106256.jpeg
Nachos chicken,https://s23209.pcdn.co/wp-content/uploads/2021/08/Instant-Pot-Chicken-NachosIMG_1107.jpg
Veggie nachos,"https://img.jamieoliver.com/jamieoliver/recipe-database/127199522.jpg?tr=w-800,h-1066"
Chili nachos,https://food.fnr.sndimg.com/content/dam/images/food/fullset/2021/01/26/0/Mary_McCartney-nachos_s4x3.jpg.rend.hgtvcom.1280.1280.suffix/1611688553007.jpeg
Onion ring,https://natashaskitchen.com/wp-content/uploads/2022/06/Onion-Rings-Recipe-5.jpg
Tiramisu,https://recipetineats.com/wp-content/uploads/2016/03/Tiramisu_5.jpg
Shortcake,https://cdn.loveandlemons.com/wp-content/uploads/2020/06/strawberry-shortcake-500x500.jpg
Strawberry shortcake,https://lilluna.com/wp-content/uploads/2020/01/easy-strawberry-shortcake-4-scaled.jpg
Cherry shortcake,"https://cdn.apartmenttherapy.info/image/upload/f_jpg,q_auto:eco,c_fill,g_auto,w_1500,ar_4:3/k%2FPhoto%2FRecipes%2F2023-06-cherry-shortcake%2Fcherry-shortcake-135"
Caramel shortcake,https://www.janespatisserie.com/wp-content/uploads/2020/04/IMG_9419_1-scaled.jpg
Risotto,"https://hips.hearstapps.com/hmg-prod/images/del089923-risotto-web-001-ab-index-64e7a1083b54e.jpg?crop=0.6666666666666666xw:1xh;center,top&resize=1200:*"
Shrimp risotto,https://www.platingsandpairings.com/wp-content/uploads/2020/04/shrimp-risotto-22-scaled.jpg
Chicken risotto,"https://images.immediate.co.uk/production/volatile/sites/2/2021/02/Chicken-risotto-fdce9c5.jpg?quality=90&resize=556,505"
Pumpkin risotto,https://www.spoonforkbacon.com/wp-content/uploads/2020/10/pumpkin-risotto-recipe-card.jpg
Short rib risotto,https://www.foodandwine.com/thmb/wRwdy5OFQC_l_Plt8EanCpQtLSo=/1500x0/filters:no_upscale():max_bytes(150000):strip_icc()/Cola-Braised-Short-Ribs-With-Parmigiano-Risotto-FT-BLOG1122-15285f3d8d9b44ab9122329c9f9f3256.jpg
Mushroom risotto,https://cdn.loveandlemons.com/wp-content/uploads/2023/01/mushroom-risotto.jpg
Mashed potato,https://i0.wp.com/www.onceuponachef.com/images/2017/11/Make-Ahead-Mashed-Potatoes-6.jpg?resize=760%2C995&ssl=1
Mashed sweet potato,https://i2.wp.com/www.downshiftology.com/wp-content/uploads/2019/10/mashed-sweet-potato.jpg
Mashed cauliflower,https://cdn.loveandlemons.com/wp-content/uploads/2020/10/mashed-cauliflower.jpg
Poutine,https://www.seriouseats.com/thmb/vICHAu16XWhAc-WLQV-7avihHKY=/1500x0/filters:no_upscale():max_bytes(150000):strip_icc()/ultimate-perfect-poutine-fries-cheese-curds-gravy-recipe-hero-2-7637732f8c174bc59f9b84e7b6e6b660.jpg
Dark chocolate,https://media.post.rvohealth.io/wp-content/uploads/2021/02/dark-chocolate-bar-732x549-thumbnail-732x549.jpg
Chocolate banana,https://www.fitmittenkitchen.com/wp-content/uploads/2022/05/Chocolate-Covered-Banana-Pops-Recipe-11.jpg
Chocolate orange,https://upload.wikimedia.org/wikipedia/commons/thumb/f/fd/Terrys-Chocolate-Orange.jpg/1200px-Terrys-Chocolate-Orange.jpg
Muffin,https://www.sharmispassions.com/wp-content/uploads/2019/04/VanillaMuffins7-500x500.jpg
Egg muffin,https://www.wellplated.com/wp-content/uploads/2018/02/Breakfast-Egg-Muffin-Cups.jpg
Corn muffin,https://recipetineats.com/wp-content/uploads/2014/10/Cornbread-Muffins_9.jpg
Bran muffin,https://www.ambitiouskitchen.com/wp-content/uploads/2023/03/Grandmas-Healthy-Bran-Muffins-7.jpg
Berry muffin,https://natashaskitchen.com/wp-content/uploads/2019/02/Breakfast-Muffins-5.jpg
Banana muffin,https://allergylicious.com/wp-content/uploads/2021/04/Banana-Muffin-2021-1-scaled-720x540.jpg
Rasperry muffin,https://www.abakingjourney.com/wp-content/uploads/2019/07/Lemon-Raspberry-Muffins1-e1575329012504.jpg
Chocolate chip muffin,https://www.allrecipes.com/thmb/sgaMQXMPrmKd68y0j7YkgB-ueZ4=/1500x0/filters:no_upscale():max_bytes(150000):strip_icc()/Chocolate-Chip-Muffins-78e5918a1e30420a8be27a5f62623dba.jpg
Oils,https://www.daringgourmet.com/wp-content/uploads/2015/02/olive-oil-uncropped.jpg
Palm oils,https://domf5oio6qrcr.cloudfront.net/medialibrary/2435/w1007d1620724772795.jpg
Sesame oils,https://blog-images-1.pharmeasy.in/blog/production/wp-content/uploads/2022/11/27072621/18-1-741x452.jpg
Vegetable oils,"https://media.cnn.com/api/v1/images/stellar/prod/170320161317-vegetable-oil-stock.jpg?q=w_5000,h_2812,x_0,y_0,c_fill"
Coconut oils,https://www.healthshots.com/wp-content/uploads/2023/09/coconut-oil.jpg
Margarine,https://upload.wikimedia.org/wikipedia/commons/thumb/5/5c/Margarine.jpg/1200px-Margarine.jpg
Butter,https://cdn.britannica.com/27/122027-050-EAA86783/Butter.jpg
Cheese,https://img.freepik.com/free-vector/simple-cheese-isolated-cartoon_1308-124064.jpg
Blue cheese,https://cdn.britannica.com/21/78721-050-E0525C8E/stilton-cheese.jpg
Cheese plate,https://www.lifeasastrawberry.com/wp-content/uploads/2018/11/ultimate-cheese-plate.jpg
Feta cheese,https://upload.wikimedia.org/wikipedia/commons/thumb/2/28/Feta_Cheese.jpg/1200px-Feta_Cheese.jpg
Goat cheese,https://thepracticalkitchen.com/wp-content/uploads/2019/08/homemade-goat-cheese-1x1-8428.jpg
Swiss cheese,https://upload.wikimedia.org/wikipedia/commons/thumb/e/ec/NCI_swiss_cheese.jpg/640px-NCI_swiss_cheese.jpg
Cheddar cheese,https://i5.walmartimages.com/seo/Great-Value-Shredded-Medium-Cheddar-Cheese-8-oz_fd50abdf-b14d-42bb-b533-74ac6477ee95.22ab7ee970acff2f05ba85f462773913.jpeg
Parmesan cheese,https://post.healthline.com/wp-content/uploads/2021/05/parmesan-cheese-1296x728-header.jpg
Mozzarella cheese,https://www.seriouseats.com/thmb/0LrG8tB4BkzQarr2fqrpykcaDBg=/1500x0/filters:no_upscale():max_bytes(150000):strip_icc()/__opt__aboutcom__coeus__resources__content_migration__serious_eats__seriouseats.com__recipes__images__2015__10__20151017-pies-vicky-wasik-2-6f491edb6065485a86d6af639a592298.jpg
Cottage cheese,https://cdn.tgdd.vn/Files/2021/09/27/1385896/cottage-cheese-co-giam-can-khong-cach-lam-cottage-don-gian-202201071048598779.jpg
Khoa,https://cdn.tgdd.vn/Files/2020/08/24/1283377/cac-loai-o-khoa-pho-bien-hien-nay-va-cong-dung-tun-27.jpg
Hu tieu,https://www.wokandkin.com/wp-content/uploads/2020/04/Hu-Tieu-saved-for-web.png
Bun rieu,https://i.ytimg.com/vi/C1P1Cw9J1-I/maxresdefault.jpg
Com tam,https://upload.wikimedia.org/wikipedia/commons/b/b0/C%C6%A1m_T%E1%BA%A5m%2C_Da_Nang%2C_Vietnam.jpg
Banh beo,https://www.cooking-therapy.com/wp-content/uploads/2018/09/Banh-Beo-5.jpg
Bun dau mam tom,https://cdn.tgdd.vn/2021/12/CookDishThumb/cach-lam-bun-dau-mam-tom-ngon-ngat-ngay-an-mot-lan-la-ghien-thumb-620x620.jpg
Banh gio,https://cdn.tgdd.vn/Files/2019/11/20/1220697/huong-dan-cach-lam-banh-gio-nong-mem-min-don-gian-8-760x367.jpg
Bo luc lac,https://i.ytimg.com/vi/0X5m98q3Pn0/maxresdefault.jpg
Siu mai,https://bellyrumbles.com/wp-content/uploads/2021/02/pork-siu-mai-recipe.jpg
Sausage pizza,https://recipes.net/wp-content/uploads/2023/05/toppers-pizzas-italian-sausage-pizza_314ed87e1728e330b964aa99efb8c7b6.jpeg
Cauliflower pizza,https://www.ambitiouskitchen.com/wp-content/uploads/fly-images/51040/Cauliflower-Pizza-Crust-12-500x500-c.jpg
Pineapple pizza,https://www.jessicagavin.com/wp-content/uploads/2020/07/hawaiian-pizza-16-1200.jpg
Shredded pork,"https://hips.hearstapps.com/hmg-prod/images/pulled-pork-index-649c95dff24a9.jpg?crop=0.8891481157447911xw:1xh;center,top&resize=1200:*"
